[2026-08-01 13:57:26] [INFO] [price_scraper] DB Oldest Date: 2025-03-18, DB Latest Date: 2026-07-25
[2026-08-01 13:57:26] [INFO] [price_scraper] Fetching page 1 to find latest web date and last page number...
[2026-08-01 13:57:34] [INFO] [price_scraper] Scraping page 1 (Attempt 1/3) …
[2026-08-01 13:57:37] [INFO] [price_scraper]   -> 10 records from page 1
[2026-08-01 13:57:37] [INFO] [price_scraper] Fetching last page (573) to find oldest web date...
[2026-08-01 13:57:37] [INFO] [price_scraper] Scraping page 573 (Attempt 1/3) …
[2026-08-01 13:57:40] [INFO] [price_scraper]   -> 1 records from page 573
[2026-08-01 13:57:40] [INFO] [price_scraper] Web Latest Date: 2026-07-31, Web Oldest Date: 2014-11-07, Last Page: 573
[2026-08-01 13:57:40] [INFO] [price_scraper] Finding page for DB oldest date: 2025-03-18
[2026-08-01 13:57:40] [INFO] [price_scraper] Scraping page 287 (Attempt 1/3) …
[2026-08-01 13:57:47] [INFO] [price_scraper]   -> 10 records from page 287
[2026-08-01 13:57:47] [INFO] [price_scraper] Scraping page 143 (Attempt 1/3) …
[2026-08-01 13:57:54] [INFO] [price_scraper]   -> 10 records from page 143
[2026-08-01 13:57:54] [INFO] [price_scraper] Scraping page 71 (Attempt 1/3) …
[2026-08-01 13:58:00] [INFO] [price_scraper]   -> 10 records from page 71
[2026-08-01 13:58:00] [INFO] [price_scraper] Scraping page 107 (Attempt 1/3) …
[2026-08-01 13:58:05] [INFO] [price_scraper]   -> 10 records from page 107
[2026-08-01 13:58:05] [INFO] [price_scraper] Scraping page 89 (Attempt 1/3) …
[2026-08-01 13:58:15] [INFO] [price_scraper]   -> 10 records from page 89
[2026-08-01 13:58:15] [INFO] [price_scraper] Scraping page 80 (Attempt 1/3) …
[2026-08-01 13:58:21] [INFO] [price_scraper]   -> 10 records from page 80
[2026-08-01 13:58:21] [INFO] [price_scraper] DB oldest date found around page 80. Scraping from 80 to 573
[2026-08-01 13:58:21] [INFO] [price_scraper] Scraping page 80 (Attempt 1/3) …
[2026-08-01 13:58:27] [INFO] [price_scraper]   -> 10 records from page 80
[2026-08-01 13:58:27] [INFO] [price_scraper]   -> 0 new rows inserted (total 790)
[2026-08-01 13:58:29] [INFO] [price_scraper] Scraping page 81 (Attempt 1/3) …
[2026-08-01 13:58:37] [INFO] [price_scraper]   -> 10 records from page 81
[2026-08-01 13:58:37] [INFO] [price_scraper]   -> 10 new rows inserted (total 800)
[2026-08-01 13:58:39] [INFO] [price_scraper] Scraping page 82 (Attempt 1/3) …
[2026-08-01 13:58:45] [INFO] [price_scraper]   -> 10 records from page 82
[2026-08-01 13:58:45] [INFO] [price_scraper]   -> 10 new rows inserted (total 810)
[2026-08-01 13:58:47] [INFO] [price_scraper] Scraping page 83 (Attempt 1/3) …
[2026-08-01 13:58:54] [INFO] [price_scraper]   -> 10 records from page 83
[2026-08-01 13:58:54] [INFO] [price_scraper]   -> 10 new rows inserted (total 820)
[2026-08-01 13:58:56] [INFO] [price_scraper] Scraping page 84 (Attempt 1/3) …
[2026-08-01 13:59:09] [INFO] [price_scraper]   -> 10 records from page 84
[2026-08-01 13:59:09] [INFO] [price_scraper]   -> 10 new rows inserted (total 830)
[2026-08-01 13:59:11] [INFO] [price_scraper] Scraping page 85 (Attempt 1/3) …
[2026-08-01 13:59:18] [INFO] [price_scraper]   -> 10 records from page 85
[2026-08-01 13:59:18] [INFO] [price_scraper]   -> 10 new rows inserted (total 840)
[2026-08-01 13:59:20] [INFO] [price_scraper] Scraping page 86 (Attempt 1/3) …
[2026-08-01 13:59:26] [INFO] [price_scraper]   -> 10 records from page 86
[2026-08-01 13:59:26] [INFO] [price_scraper]   -> 10 new rows inserted (total 850)
[2026-08-01 13:59:28] [INFO] [price_scraper] Scraping page 87 (Attempt 1/3) …
[2026-08-01 13:59:34] [INFO] [price_scraper]   -> 10 records from page 87
[2026-08-01 13:59:34] [INFO] [price_scraper]   -> 10 new rows inserted (total 860)
[2026-08-01 13:59:36] [INFO] [price_scraper] Scraping page 88 (Attempt 1/3) …
[2026-08-01 13:59:42] [INFO] [price_scraper]   -> 10 records from page 88
[2026-08-01 13:59:42] [INFO] [price_scraper]   -> 10 new rows inserted (total 870)
[2026-08-01 13:59:44] [INFO] [price_scraper] Scraping page 89 (Attempt 1/3) …
[2026-08-01 13:59:50] [INFO] [price_scraper]   -> 10 records from page 89
[2026-08-01 13:59:50] [INFO] [price_scraper]   -> 10 new rows inserted (total 880)
[2026-08-01 13:59:52] [INFO] [price_scraper] Scraping page 90 (Attempt 1/3) …
[2026-08-01 13:59:58] [INFO] [price_scraper]   -> 10 records from page 90
[2026-08-01 13:59:58] [INFO] [price_scraper]   -> 10 new rows inserted (total 890)
[2026-08-01 14:00:00] [INFO] [price_scraper] Scraping page 91 (Attempt 1/3) …
[2026-08-01 14:00:10] [INFO] [price_scraper]   -> 10 records from page 91
[2026-08-01 14:00:10] [INFO] [price_scraper]   -> 10 new rows inserted (total 900)
[2026-08-01 14:00:12] [INFO] [price_scraper] Scraping page 92 (Attempt 1/3) …
[2026-08-01 14:00:18] [INFO] [price_scraper]   -> 10 records from page 92
[2026-08-01 14:00:18] [INFO] [price_scraper]   -> 10 new rows inserted (total 910)
[2026-08-01 14:00:20] [INFO] [price_scraper] Scraping page 93 (Attempt 1/3) …
[2026-08-01 14:00:26] [INFO] [price_scraper]   -> 10 records from page 93
[2026-08-01 14:00:26] [INFO] [price_scraper]   -> 10 new rows inserted (total 920)
[2026-08-01 14:00:28] [INFO] [price_scraper] Scraping page 94 (Attempt 1/3) …
[2026-08-01 14:00:34] [INFO] [price_scraper]   -> 10 records from page 94
[2026-08-01 14:00:34] [INFO] [price_scraper]   -> 10 new rows inserted (total 930)
[2026-08-01 14:00:36] [INFO] [price_scraper] Scraping page 95 (Attempt 1/3) …
[2026-08-01 14:00:46] [INFO] [price_scraper]   -> 10 records from page 95
[2026-08-01 14:00:46] [INFO] [price_scraper]   -> 10 new rows inserted (total 940)
[2026-08-01 14:00:48] [INFO] [price_scraper] Scraping page 96 (Attempt 1/3) …
[2026-08-01 14:00:54] [INFO] [price_scraper]   -> 10 records from page 96
[2026-08-01 14:00:54] [INFO] [price_scraper]   -> 10 new rows inserted (total 950)
[2026-08-01 14:00:56] [INFO] [price_scraper] Scraping page 97 (Attempt 1/3) …
[2026-08-01 14:01:02] [INFO] [price_scraper]   -> 10 records from page 97
[2026-08-01 14:01:03] [INFO] [price_scraper]   -> 9 new rows inserted (total 959)
[2026-08-01 14:01:05] [INFO] [price_scraper] Scraping page 98 (Attempt 1/3) …
[2026-08-01 14:01:11] [INFO] [price_scraper]   -> 10 records from page 98
[2026-08-01 14:01:12] [INFO] [price_scraper]   -> 10 new rows inserted (total 969)
[2026-08-01 14:01:14] [INFO] [price_scraper] Scraping page 99 (Attempt 1/3) …
[2026-08-01 14:01:19] [INFO] [price_scraper]   -> 10 records from page 99
[2026-08-01 14:01:19] [INFO] [price_scraper]   -> 10 new rows inserted (total 979)
[2026-08-01 14:01:21] [INFO] [price_scraper] Scraping page 100 (Attempt 1/3) …
[2026-08-01 14:01:27] [INFO] [price_scraper]   -> 10 records from page 100
[2026-08-01 14:01:27] [INFO] [price_scraper]   -> 10 new rows inserted (total 989)
[2026-08-01 14:01:29] [INFO] [price_scraper] Scraping page 101 (Attempt 1/3) …
[2026-08-01 14:01:36] [INFO] [price_scraper]   -> 10 records from page 101
[2026-08-01 14:01:36] [INFO] [price_scraper]   -> 10 new rows inserted (total 999)
[2026-08-01 14:01:38] [INFO] [price_scraper] Scraping page 102 (Attempt 1/3) …
[2026-08-01 14:01:45] [INFO] [price_scraper]   -> 10 records from page 102
[2026-08-01 14:01:45] [INFO] [price_scraper]   -> 10 new rows inserted (total 1009)
[2026-08-01 14:01:47] [INFO] [price_scraper] Scraping page 103 (Attempt 1/3) …
[2026-08-01 14:01:53] [INFO] [price_scraper]   -> 10 records from page 103
[2026-08-01 14:01:53] [INFO] [price_scraper]   -> 10 new rows inserted (total 1019)
[2026-08-01 14:01:55] [INFO] [price_scraper] Scraping page 104 (Attempt 1/3) …
[2026-08-01 14:02:01] [INFO] [price_scraper]   -> 10 records from page 104
[2026-08-01 14:02:01] [INFO] [price_scraper]   -> 10 new rows inserted (total 1029)
[2026-08-01 14:02:03] [INFO] [price_scraper] Scraping page 105 (Attempt 1/3) …
[2026-08-01 14:02:09] [INFO] [price_scraper]   -> 10 records from page 105
[2026-08-01 14:02:09] [INFO] [price_scraper]   -> 10 new rows inserted (total 1039)
[2026-08-01 14:02:11] [INFO] [price_scraper] Scraping page 106 (Attempt 1/3) …
[2026-08-01 14:02:18] [INFO] [price_scraper]   -> 10 records from page 106
[2026-08-01 14:02:18] [INFO] [price_scraper]   -> 10 new rows inserted (total 1049)
[2026-08-01 14:02:20] [INFO] [price_scraper] Scraping page 107 (Attempt 1/3) …
[2026-08-01 14:02:26] [INFO] [price_scraper]   -> 10 records from page 107
[2026-08-01 14:02:26] [INFO] [price_scraper]   -> 10 new rows inserted (total 1059)
[2026-08-01 14:02:28] [INFO] [price_scraper] Scraping page 108 (Attempt 1/3) …
[2026-08-01 14:02:36] [INFO] [price_scraper]   -> 10 records from page 108
[2026-08-01 14:02:36] [INFO] [price_scraper]   -> 9 new rows inserted (total 1068)
[2026-08-01 14:02:38] [INFO] [price_scraper] Scraping page 109 (Attempt 1/3) …
[2026-08-01 14:02:44] [INFO] [price_scraper]   -> 10 records from page 109
[2026-08-01 14:02:44] [INFO] [price_scraper]   -> 10 new rows inserted (total 1078)
[2026-08-01 14:02:46] [INFO] [price_scraper] Scraping page 110 (Attempt 1/3) …
[2026-08-01 14:02:52] [INFO] [price_scraper]   -> 10 records from page 110
[2026-08-01 14:02:52] [INFO] [price_scraper]   -> 9 new rows inserted (total 1087)
[2026-08-01 14:02:54] [INFO] [price_scraper] Scraping page 111 (Attempt 1/3) …
[2026-08-01 14:03:00] [INFO] [price_scraper]   -> 10 records from page 111
[2026-08-01 14:03:00] [INFO] [price_scraper]   -> 10 new rows inserted (total 1097)
[2026-08-01 14:03:02] [INFO] [price_scraper] Scraping page 112 (Attempt 1/3) …
[2026-08-01 14:03:09] [INFO] [price_scraper]   -> 10 records from page 112
[2026-08-01 14:03:09] [INFO] [price_scraper]   -> 10 new rows inserted (total 1107)
[2026-08-01 14:03:11] [INFO] [price_scraper] Scraping page 113 (Attempt 1/3) …
[2026-08-01 14:03:18] [INFO] [price_scraper]   -> 10 records from page 113
[2026-08-01 14:03:18] [INFO] [price_scraper]   -> 10 new rows inserted (total 1117)
[2026-08-01 14:03:20] [INFO] [price_scraper] Scraping page 114 (Attempt 1/3) …
[2026-08-01 14:03:26] [INFO] [price_scraper]   -> 10 records from page 114
[2026-08-01 14:03:26] [INFO] [price_scraper]   -> 10 new rows inserted (total 1127)
[2026-08-01 14:03:28] [INFO] [price_scraper] Scraping page 115 (Attempt 1/3) …
[2026-08-01 14:03:35] [INFO] [price_scraper]   -> 10 records from page 115
[2026-08-01 14:03:35] [INFO] [price_scraper]   -> 10 new rows inserted (total 1137)
[2026-08-01 14:03:37] [INFO] [price_scraper] Scraping page 116 (Attempt 1/3) …
[2026-08-01 14:03:43] [INFO] [price_scraper]   -> 10 records from page 116
[2026-08-01 14:03:43] [INFO] [price_scraper]   -> 10 new rows inserted (total 1147)
[2026-08-01 14:03:45] [INFO] [price_scraper] Scraping page 117 (Attempt 1/3) …
[2026-08-01 14:03:52] [INFO] [price_scraper]   -> 10 records from page 117
[2026-08-01 14:03:52] [INFO] [price_scraper]   -> 10 new rows inserted (total 1157)
[2026-08-01 14:03:54] [INFO] [price_scraper] Scraping page 118 (Attempt 1/3) …
[2026-08-01 14:04:18] [INFO] [price_scraper]   -> 10 records from page 118
[2026-08-01 14:04:18] [INFO] [price_scraper]   -> 10 new rows inserted (total 1167)
[2026-08-01 14:04:20] [INFO] [price_scraper] Scraping page 119 (Attempt 1/3) …
[2026-08-01 14:04:28] [INFO] [price_scraper]   -> 10 records from page 119
[2026-08-01 14:04:28] [INFO] [price_scraper]   -> 10 new rows inserted (total 1177)
[2026-08-01 14:04:30] [INFO] [price_scraper] Scraping page 120 (Attempt 1/3) …
[2026-08-01 14:04:36] [INFO] [price_scraper]   -> 10 records from page 120
[2026-08-01 14:04:36] [INFO] [price_scraper]   -> 10 new rows inserted (total 1187)
[2026-08-01 14:04:38] [INFO] [price_scraper] Scraping page 121 (Attempt 1/3) …
[2026-08-01 14:04:44] [INFO] [price_scraper]   -> 10 records from page 121
[2026-08-01 14:04:44] [INFO] [price_scraper]   -> 10 new rows inserted (total 1197)
[2026-08-01 14:04:46] [INFO] [price_scraper] Scraping page 122 (Attempt 1/3) …
[2026-08-01 14:04:55] [INFO] [price_scraper]   -> 10 records from page 122
[2026-08-01 14:04:55] [INFO] [price_scraper]   -> 10 new rows inserted (total 1207)
[2026-08-01 14:04:57] [INFO] [price_scraper] Scraping page 123 (Attempt 1/3) …
[2026-08-01 14:05:04] [INFO] [price_scraper]   -> 10 records from page 123
[2026-08-01 14:05:04] [INFO] [price_scraper]   -> 10 new rows inserted (total 1217)
[2026-08-01 14:05:06] [INFO] [price_scraper] Scraping page 124 (Attempt 1/3) …
[2026-08-01 14:05:13] [INFO] [price_scraper]   -> 10 records from page 124
[2026-08-01 14:05:13] [INFO] [price_scraper]   -> 10 new rows inserted (total 1227)
[2026-08-01 14:05:15] [INFO] [price_scraper] Scraping page 125 (Attempt 1/3) …
[2026-08-01 14:05:21] [INFO] [price_scraper]   -> 10 records from page 125
[2026-08-01 14:05:21] [INFO] [price_scraper]   -> 10 new rows inserted (total 1237)
[2026-08-01 14:05:23] [INFO] [price_scraper] Scraping page 126 (Attempt 1/3) …
[2026-08-01 14:05:30] [INFO] [price_scraper]   -> 10 records from page 126
[2026-08-01 14:05:30] [INFO] [price_scraper]   -> 9 new rows inserted (total 1246)
[2026-08-01 14:05:32] [INFO] [price_scraper] Scraping page 127 (Attempt 1/3) …
[2026-08-01 14:05:38] [INFO] [price_scraper]   -> 10 records from page 127
[2026-08-01 14:05:38] [INFO] [price_scraper]   -> 10 new rows inserted (total 1256)
[2026-08-01 14:05:40] [INFO] [price_scraper] Scraping page 128 (Attempt 1/3) …
[2026-08-01 14:05:46] [INFO] [price_scraper]   -> 10 records from page 128
[2026-08-01 14:05:46] [INFO] [price_scraper]   -> 10 new rows inserted (total 1266)
[2026-08-01 14:05:48] [INFO] [price_scraper] Scraping page 129 (Attempt 1/3) …
[2026-08-01 14:05:54] [INFO] [price_scraper]   -> 10 records from page 129
[2026-08-01 14:05:54] [INFO] [price_scraper]   -> 10 new rows inserted (total 1276)
[2026-08-01 14:05:56] [INFO] [price_scraper] Scraping page 130 (Attempt 1/3) …
[2026-08-01 14:06:03] [INFO] [price_scraper]   -> 10 records from page 130
[2026-08-01 14:06:03] [INFO] [price_scraper]   -> 10 new rows inserted (total 1286)
[2026-08-01 14:06:05] [INFO] [price_scraper] Scraping page 131 (Attempt 1/3) …
[2026-08-01 14:06:14] [INFO] [price_scraper]   -> 10 records from page 131
[2026-08-01 14:06:14] [INFO] [price_scraper]   -> 10 new rows inserted (total 1296)
[2026-08-01 14:06:16] [INFO] [price_scraper] Scraping page 132 (Attempt 1/3) …
[2026-08-01 14:06:23] [INFO] [price_scraper]   -> 10 records from page 132
[2026-08-01 14:06:23] [INFO] [price_scraper]   -> 10 new rows inserted (total 1306)
[2026-08-01 14:06:25] [INFO] [price_scraper] Scraping page 133 (Attempt 1/3) …
[2026-08-01 14:06:31] [INFO] [price_scraper]   -> 10 records from page 133
[2026-08-01 14:06:31] [INFO] [price_scraper]   -> 10 new rows inserted (total 1316)
[2026-08-01 14:06:33] [INFO] [price_scraper] Scraping page 134 (Attempt 1/3) …
[2026-08-01 14:06:40] [INFO] [price_scraper]   -> 10 records from page 134
[2026-08-01 14:06:40] [INFO] [price_scraper]   -> 10 new rows inserted (total 1326)
[2026-08-01 14:06:42] [INFO] [price_scraper] Scraping page 135 (Attempt 1/3) …
[2026-08-01 14:06:48] [INFO] [price_scraper]   -> 10 records from page 135
[2026-08-01 14:06:48] [INFO] [price_scraper]   -> 10 new rows inserted (total 1336)
[2026-08-01 14:06:50] [INFO] [price_scraper] Scraping page 136 (Attempt 1/3) …
[2026-08-01 14:06:56] [INFO] [price_scraper]   -> 10 records from page 136
[2026-08-01 14:06:56] [INFO] [price_scraper]   -> 10 new rows inserted (total 1346)
[2026-08-01 14:06:58] [INFO] [price_scraper] Scraping page 137 (Attempt 1/3) …
[2026-08-01 14:07:04] [INFO] [price_scraper]   -> 10 records from page 137
[2026-08-01 14:07:04] [INFO] [price_scraper]   -> 10 new rows inserted (total 1356)
[2026-08-01 14:07:06] [INFO] [price_scraper] Scraping page 138 (Attempt 1/3) …
[2026-08-01 14:07:15] [INFO] [price_scraper]   -> 10 records from page 138
[2026-08-01 14:07:15] [INFO] [price_scraper]   -> 10 new rows inserted (total 1366)
[2026-08-01 14:07:17] [INFO] [price_scraper] Scraping page 139 (Attempt 1/3) …
[2026-08-01 14:07:23] [INFO] [price_scraper]   -> 10 records from page 139
[2026-08-01 14:07:23] [INFO] [price_scraper]   -> 10 new rows inserted (total 1376)
[2026-08-01 14:07:25] [INFO] [price_scraper] Scraping page 140 (Attempt 1/3) …
[2026-08-01 14:07:32] [INFO] [price_scraper]   -> 10 records from page 140
[2026-08-01 14:07:32] [INFO] [price_scraper]   -> 10 new rows inserted (total 1386)
[2026-08-01 14:07:34] [INFO] [price_scraper] Scraping page 141 (Attempt 1/3) …
[2026-08-01 14:07:41] [INFO] [price_scraper]   -> 10 records from page 141
[2026-08-01 14:07:41] [INFO] [price_scraper]   -> 10 new rows inserted (total 1396)
[2026-08-01 14:07:43] [INFO] [price_scraper] Scraping page 142 (Attempt 1/3) …
[2026-08-01 14:07:53] [INFO] [price_scraper]   -> 10 records from page 142
[2026-08-01 14:07:53] [INFO] [price_scraper]   -> 10 new rows inserted (total 1406)
[2026-08-01 14:07:55] [INFO] [price_scraper] Scraping page 143 (Attempt 1/3) …
[2026-08-01 14:08:02] [INFO] [price_scraper]   -> 10 records from page 143
[2026-08-01 14:08:02] [INFO] [price_scraper]   -> 10 new rows inserted (total 1416)
[2026-08-01 14:08:04] [INFO] [price_scraper] Scraping page 144 (Attempt 1/3) …
[2026-08-01 14:08:11] [INFO] [price_scraper]   -> 10 records from page 144
[2026-08-01 14:08:11] [INFO] [price_scraper]   -> 9 new rows inserted (total 1425)
[2026-08-01 14:08:13] [INFO] [price_scraper] Scraping page 145 (Attempt 1/3) …
[2026-08-01 14:08:20] [INFO] [price_scraper]   -> 10 records from page 145
[2026-08-01 14:08:20] [INFO] [price_scraper]   -> 10 new rows inserted (total 1435)
[2026-08-01 14:08:22] [INFO] [price_scraper] Scraping page 146 (Attempt 1/3) …
[2026-08-01 14:08:29] [INFO] [price_scraper]   -> 10 records from page 146
[2026-08-01 14:08:29] [INFO] [price_scraper]   -> 10 new rows inserted (total 1445)
[2026-08-01 14:08:31] [INFO] [price_scraper] Scraping page 147 (Attempt 1/3) …
[2026-08-01 14:08:36] [INFO] [price_scraper]   -> 10 records from page 147
[2026-08-01 14:08:36] [INFO] [price_scraper]   -> 9 new rows inserted (total 1454)
[2026-08-01 14:08:38] [INFO] [price_scraper] Scraping page 148 (Attempt 1/3) …
[2026-08-01 14:08:44] [INFO] [price_scraper]   -> 10 records from page 148
[2026-08-01 14:08:44] [INFO] [price_scraper]   -> 10 new rows inserted (total 1464)
[2026-08-01 14:08:46] [INFO] [price_scraper] Scraping page 149 (Attempt 1/3) …
[2026-08-01 14:08:52] [INFO] [price_scraper]   -> 10 records from page 149
[2026-08-01 14:08:52] [INFO] [price_scraper]   -> 10 new rows inserted (total 1474)
[2026-08-01 14:08:54] [INFO] [price_scraper] Scraping page 150 (Attempt 1/3) …
[2026-08-01 14:09:01] [INFO] [price_scraper]   -> 10 records from page 150
[2026-08-01 14:09:01] [INFO] [price_scraper]   -> 10 new rows inserted (total 1484)
[2026-08-01 14:09:03] [INFO] [price_scraper] Scraping page 151 (Attempt 1/3) …
[2026-08-01 14:09:10] [INFO] [price_scraper]   -> 10 records from page 151
[2026-08-01 14:09:10] [INFO] [price_scraper]   -> 10 new rows inserted (total 1494)
[2026-08-01 14:09:12] [INFO] [price_scraper] Scraping page 152 (Attempt 1/3) …
[2026-08-01 14:09:19] [INFO] [price_scraper]   -> 10 records from page 152
[2026-08-01 14:09:19] [INFO] [price_scraper]   -> 10 new rows inserted (total 1504)
[2026-08-01 14:09:21] [INFO] [price_scraper] Scraping page 153 (Attempt 1/3) …
[2026-08-01 14:09:27] [INFO] [price_scraper]   -> 10 records from page 153
[2026-08-01 14:09:27] [INFO] [price_scraper]   -> 10 new rows inserted (total 1514)
[2026-08-01 14:09:29] [INFO] [price_scraper] Scraping page 154 (Attempt 1/3) …
[2026-08-01 14:09:36] [INFO] [price_scraper]   -> 10 records from page 154
[2026-08-01 14:09:36] [INFO] [price_scraper]   -> 10 new rows inserted (total 1524)
[2026-08-01 14:09:38] [INFO] [price_scraper] Scraping page 155 (Attempt 1/3) …
[2026-08-01 14:09:45] [INFO] [price_scraper]   -> 10 records from page 155
[2026-08-01 14:09:46] [INFO] [price_scraper]   -> 10 new rows inserted (total 1534)
[2026-08-01 14:09:48] [INFO] [price_scraper] Scraping page 156 (Attempt 1/3) …
[2026-08-01 14:09:54] [INFO] [price_scraper]   -> 10 records from page 156
[2026-08-01 14:09:54] [INFO] [price_scraper]   -> 10 new rows inserted (total 1544)
[2026-08-01 14:09:56] [INFO] [price_scraper] Scraping page 157 (Attempt 1/3) …
[2026-08-01 14:10:03] [INFO] [price_scraper]   -> 10 records from page 157
[2026-08-01 14:10:03] [INFO] [price_scraper]   -> 10 new rows inserted (total 1554)
[2026-08-01 14:10:05] [INFO] [price_scraper] Scraping page 158 (Attempt 1/3) …
[2026-08-01 14:10:11] [INFO] [price_scraper]   -> 10 records from page 158
[2026-08-01 14:10:11] [INFO] [price_scraper]   -> 10 new rows inserted (total 1564)
[2026-08-01 14:10:13] [INFO] [price_scraper] Scraping page 159 (Attempt 1/3) …
[2026-08-01 14:10:19] [INFO] [price_scraper]   -> 10 records from page 159
[2026-08-01 14:10:19] [INFO] [price_scraper]   -> 10 new rows inserted (total 1574)
[2026-08-01 14:10:21] [INFO] [price_scraper] Scraping page 160 (Attempt 1/3) …
[2026-08-01 14:10:28] [INFO] [price_scraper]   -> 10 records from page 160
[2026-08-01 14:10:28] [INFO] [price_scraper]   -> 10 new rows inserted (total 1584)
[2026-08-01 14:10:30] [INFO] [price_scraper] Scraping page 161 (Attempt 1/3) …
[2026-08-01 14:10:36] [INFO] [price_scraper]   -> 10 records from page 161
[2026-08-01 14:10:36] [INFO] [price_scraper]   -> 10 new rows inserted (total 1594)
[2026-08-01 14:10:38] [INFO] [price_scraper] Scraping page 162 (Attempt 1/3) …
[2026-08-01 14:10:44] [INFO] [price_scraper]   -> 10 records from page 162
[2026-08-01 14:10:44] [INFO] [price_scraper]   -> 10 new rows inserted (total 1604)
[2026-08-01 14:10:46] [INFO] [price_scraper] Scraping page 163 (Attempt 1/3) …
[2026-08-01 14:10:53] [INFO] [price_scraper]   -> 10 records from page 163
[2026-08-01 14:10:53] [INFO] [price_scraper]   -> 10 new rows inserted (total 1614)
[2026-08-01 14:10:55] [INFO] [price_scraper] Scraping page 164 (Attempt 1/3) …
[2026-08-01 14:11:00] [INFO] [price_scraper]   -> 10 records from page 164
[2026-08-01 14:11:00] [INFO] [price_scraper]   -> 10 new rows inserted (total 1624)
[2026-08-01 14:11:02] [INFO] [price_scraper] Scraping page 165 (Attempt 1/3) …
[2026-08-01 14:11:12] [INFO] [price_scraper]   -> 10 records from page 165
[2026-08-01 14:11:12] [INFO] [price_scraper]   -> 10 new rows inserted (total 1634)
[2026-08-01 14:11:14] [INFO] [price_scraper] Scraping page 166 (Attempt 1/3) …
[2026-08-01 14:11:23] [INFO] [price_scraper]   -> 10 records from page 166
[2026-08-01 14:11:23] [INFO] [price_scraper]   -> 10 new rows inserted (total 1644)
[2026-08-01 14:11:25] [INFO] [price_scraper] Scraping page 167 (Attempt 1/3) …
[2026-08-01 14:11:31] [INFO] [price_scraper]   -> 10 records from page 167
[2026-08-01 14:11:31] [INFO] [price_scraper]   -> 10 new rows inserted (total 1654)
[2026-08-01 14:11:33] [INFO] [price_scraper] Scraping page 168 (Attempt 1/3) …
[2026-08-01 14:11:42] [INFO] [price_scraper]   -> 10 records from page 168
[2026-08-01 14:11:42] [INFO] [price_scraper]   -> 10 new rows inserted (total 1664)
[2026-08-01 14:11:44] [INFO] [price_scraper] Scraping page 169 (Attempt 1/3) …
[2026-08-01 14:11:51] [INFO] [price_scraper]   -> 10 records from page 169
[2026-08-01 14:11:51] [INFO] [price_scraper]   -> 10 new rows inserted (total 1674)
[2026-08-01 14:11:53] [INFO] [price_scraper] Scraping page 170 (Attempt 1/3) …
[2026-08-01 14:11:59] [INFO] [price_scraper]   -> 10 records from page 170
[2026-08-01 14:11:59] [INFO] [price_scraper]   -> 10 new rows inserted (total 1684)
[2026-08-01 14:12:01] [INFO] [price_scraper] Scraping page 171 (Attempt 1/3) …
[2026-08-01 14:12:08] [INFO] [price_scraper]   -> 10 records from page 171
[2026-08-01 14:12:08] [INFO] [price_scraper]   -> 10 new rows inserted (total 1694)
[2026-08-01 14:12:10] [INFO] [price_scraper] Scraping page 172 (Attempt 1/3) …
[2026-08-01 14:12:17] [INFO] [price_scraper]   -> 10 records from page 172
[2026-08-01 14:12:17] [INFO] [price_scraper]   -> 10 new rows inserted (total 1704)
[2026-08-01 14:12:19] [INFO] [price_scraper] Scraping page 173 (Attempt 1/3) …
[2026-08-01 14:12:29] [INFO] [price_scraper]   -> 10 records from page 173
[2026-08-01 14:12:29] [INFO] [price_scraper]   -> 10 new rows inserted (total 1714)
[2026-08-01 14:12:31] [INFO] [price_scraper] Scraping page 174 (Attempt 1/3) …
[2026-08-01 14:12:38] [INFO] [price_scraper]   -> 10 records from page 174
[2026-08-01 14:12:38] [INFO] [price_scraper]   -> 10 new rows inserted (total 1724)
[2026-08-01 14:12:40] [INFO] [price_scraper] Scraping page 175 (Attempt 1/3) …
[2026-08-01 14:12:46] [INFO] [price_scraper]   -> 10 records from page 175
[2026-08-01 14:12:46] [INFO] [price_scraper]   -> 10 new rows inserted (total 1734)
[2026-08-01 14:12:48] [INFO] [price_scraper] Scraping page 176 (Attempt 1/3) …
[2026-08-01 14:12:54] [INFO] [price_scraper]   -> 10 records from page 176
[2026-08-01 14:12:54] [INFO] [price_scraper]   -> 10 new rows inserted (total 1744)
[2026-08-01 14:12:56] [INFO] [price_scraper] Scraping page 177 (Attempt 1/3) …
[2026-08-01 14:13:02] [INFO] [price_scraper]   -> 10 records from page 177
[2026-08-01 14:13:02] [INFO] [price_scraper]   -> 9 new rows inserted (total 1753)
[2026-08-01 14:13:04] [INFO] [price_scraper] Scraping page 178 (Attempt 1/3) …
[2026-08-01 14:13:10] [INFO] [price_scraper]   -> 10 records from page 178
[2026-08-01 14:13:10] [INFO] [price_scraper]   -> 10 new rows inserted (total 1763)
[2026-08-01 14:13:12] [INFO] [price_scraper] Scraping page 179 (Attempt 1/3) …
[2026-08-01 14:13:18] [INFO] [price_scraper]   -> 10 records from page 179
[2026-08-01 14:13:18] [INFO] [price_scraper]   -> 10 new rows inserted (total 1773)
[2026-08-01 14:13:20] [INFO] [price_scraper] Scraping page 180 (Attempt 1/3) …
[2026-08-01 14:13:26] [INFO] [price_scraper]   -> 10 records from page 180
[2026-08-01 14:13:26] [INFO] [price_scraper]   -> 10 new rows inserted (total 1783)
[2026-08-01 14:13:28] [INFO] [price_scraper] Scraping page 181 (Attempt 1/3) …
[2026-08-01 14:13:37] [INFO] [price_scraper]   -> 10 records from page 181
[2026-08-01 14:13:37] [INFO] [price_scraper]   -> 10 new rows inserted (total 1793)
[2026-08-01 14:13:39] [INFO] [price_scraper] Scraping page 182 (Attempt 1/3) …
[2026-08-01 14:13:46] [INFO] [price_scraper]   -> 10 records from page 182
[2026-08-01 14:13:46] [INFO] [price_scraper]   -> 10 new rows inserted (total 1803)
[2026-08-01 14:13:48] [INFO] [price_scraper] Scraping page 183 (Attempt 1/3) …
[2026-08-01 14:13:54] [INFO] [price_scraper]   -> 10 records from page 183
[2026-08-01 14:13:54] [INFO] [price_scraper]   -> 10 new rows inserted (total 1813)
[2026-08-01 14:13:56] [INFO] [price_scraper] Scraping page 184 (Attempt 1/3) …
[2026-08-01 14:14:03] [INFO] [price_scraper]   -> 10 records from page 184
[2026-08-01 14:14:03] [INFO] [price_scraper]   -> 10 new rows inserted (total 1823)
[2026-08-01 14:14:05] [INFO] [price_scraper] Scraping page 185 (Attempt 1/3) …
[2026-08-01 14:14:15] [INFO] [price_scraper]   -> 10 records from page 185
[2026-08-01 14:14:15] [INFO] [price_scraper]   -> 10 new rows inserted (total 1833)
[2026-08-01 14:14:17] [INFO] [price_scraper] Scraping page 186 (Attempt 1/3) …
[2026-08-01 14:14:24] [INFO] [price_scraper]   -> 10 records from page 186
[2026-08-01 14:14:24] [INFO] [price_scraper]   -> 10 new rows inserted (total 1843)
[2026-08-01 14:14:26] [INFO] [price_scraper] Scraping page 187 (Attempt 1/3) …
[2026-08-01 14:14:32] [INFO] [price_scraper]   -> 10 records from page 187
[2026-08-01 14:14:32] [INFO] [price_scraper]   -> 10 new rows inserted (total 1853)
[2026-08-01 14:14:34] [INFO] [price_scraper] Scraping page 188 (Attempt 1/3) …
[2026-08-01 14:14:41] [INFO] [price_scraper]   -> 10 records from page 188
[2026-08-01 14:14:41] [INFO] [price_scraper]   -> 10 new rows inserted (total 1863)
[2026-08-01 14:14:43] [INFO] [price_scraper] Scraping page 189 (Attempt 1/3) …
[2026-08-01 14:14:49] [INFO] [price_scraper]   -> 10 records from page 189
[2026-08-01 14:14:49] [INFO] [price_scraper]   -> 10 new rows inserted (total 1873)
[2026-08-01 14:14:51] [INFO] [price_scraper] Scraping page 190 (Attempt 1/3) …
[2026-08-01 14:14:57] [INFO] [price_scraper]   -> 10 records from page 190
[2026-08-01 14:14:57] [INFO] [price_scraper]   -> 10 new rows inserted (total 1883)
[2026-08-01 14:14:59] [INFO] [price_scraper] Scraping page 191 (Attempt 1/3) …
[2026-08-01 14:15:05] [INFO] [price_scraper]   -> 10 records from page 191
[2026-08-01 14:15:05] [INFO] [price_scraper]   -> 10 new rows inserted (total 1893)
[2026-08-01 14:15:07] [INFO] [price_scraper] Scraping page 192 (Attempt 1/3) …
[2026-08-01 14:15:14] [INFO] [price_scraper]   -> 10 records from page 192
[2026-08-01 14:15:14] [INFO] [price_scraper]   -> 10 new rows inserted (total 1903)
[2026-08-01 14:15:16] [INFO] [price_scraper] Scraping page 193 (Attempt 1/3) …
[2026-08-01 14:15:23] [INFO] [price_scraper]   -> 10 records from page 193
[2026-08-01 14:15:23] [INFO] [price_scraper]   -> 10 new rows inserted (total 1913)
[2026-08-01 14:15:25] [INFO] [price_scraper] Scraping page 194 (Attempt 1/3) …
[2026-08-01 14:15:33] [INFO] [price_scraper]   -> 10 records from page 194
[2026-08-01 14:15:33] [INFO] [price_scraper]   -> 10 new rows inserted (total 1923)
[2026-08-01 14:15:35] [INFO] [price_scraper] Scraping page 195 (Attempt 1/3) …
[2026-08-01 14:15:41] [INFO] [price_scraper]   -> 10 records from page 195
[2026-08-01 14:15:41] [INFO] [price_scraper]   -> 10 new rows inserted (total 1933)
[2026-08-01 14:15:43] [INFO] [price_scraper] Scraping page 196 (Attempt 1/3) …
[2026-08-01 14:15:50] [INFO] [price_scraper]   -> 10 records from page 196
[2026-08-01 14:15:50] [INFO] [price_scraper]   -> 10 new rows inserted (total 1943)
[2026-08-01 14:15:52] [INFO] [price_scraper] Scraping page 197 (Attempt 1/3) …
[2026-08-01 14:15:58] [INFO] [price_scraper]   -> 10 records from page 197
[2026-08-01 14:15:58] [INFO] [price_scraper]   -> 10 new rows inserted (total 1953)
[2026-08-01 14:16:00] [INFO] [price_scraper] Scraping page 198 (Attempt 1/3) …
[2026-08-01 14:16:06] [INFO] [price_scraper]   -> 10 records from page 198
[2026-08-01 14:16:06] [INFO] [price_scraper]   -> 10 new rows inserted (total 1963)
[2026-08-01 14:16:08] [INFO] [price_scraper] Scraping page 199 (Attempt 1/3) …
[2026-08-01 14:16:14] [INFO] [price_scraper]   -> 10 records from page 199
[2026-08-01 14:16:14] [INFO] [price_scraper]   -> 10 new rows inserted (total 1973)
[2026-08-01 14:16:16] [INFO] [price_scraper] Scraping page 200 (Attempt 1/3) …
[2026-08-01 14:16:23] [INFO] [price_scraper]   -> 10 records from page 200
[2026-08-01 14:16:23] [INFO] [price_scraper]   -> 10 new rows inserted (total 1983)
[2026-08-01 14:16:25] [INFO] [price_scraper] Scraping page 201 (Attempt 1/3) …
[2026-08-01 14:16:31] [INFO] [price_scraper]   -> 10 records from page 201
[2026-08-01 14:16:31] [INFO] [price_scraper]   -> 10 new rows inserted (total 1993)
[2026-08-01 14:16:33] [INFO] [price_scraper] Scraping page 202 (Attempt 1/3) …
[2026-08-01 14:16:39] [INFO] [price_scraper]   -> 10 records from page 202
[2026-08-01 14:16:39] [INFO] [price_scraper]   -> 10 new rows inserted (total 2003)
[2026-08-01 14:16:41] [INFO] [price_scraper] Scraping page 203 (Attempt 1/3) …
[2026-08-01 14:16:47] [INFO] [price_scraper]   -> 10 records from page 203
[2026-08-01 14:16:47] [INFO] [price_scraper]   -> 10 new rows inserted (total 2013)
[2026-08-01 14:16:49] [INFO] [price_scraper] Scraping page 204 (Attempt 1/3) …
[2026-08-01 14:16:55] [INFO] [price_scraper]   -> 10 records from page 204
[2026-08-01 14:16:55] [INFO] [price_scraper]   -> 10 new rows inserted (total 2023)
[2026-08-01 14:16:57] [INFO] [price_scraper] Scraping page 205 (Attempt 1/3) …
[2026-08-01 14:17:04] [INFO] [price_scraper]   -> 10 records from page 205
[2026-08-01 14:17:04] [INFO] [price_scraper]   -> 10 new rows inserted (total 2033)
[2026-08-01 14:17:06] [INFO] [price_scraper] Scraping page 206 (Attempt 1/3) …
[2026-08-01 14:17:12] [INFO] [price_scraper]   -> 10 records from page 206
[2026-08-01 14:17:12] [INFO] [price_scraper]   -> 10 new rows inserted (total 2043)
[2026-08-01 14:17:14] [INFO] [price_scraper] Scraping page 207 (Attempt 1/3) …
[2026-08-01 14:17:20] [INFO] [price_scraper]   -> 10 records from page 207
[2026-08-01 14:17:20] [INFO] [price_scraper]   -> 10 new rows inserted (total 2053)
[2026-08-01 14:17:23] [INFO] [price_scraper] Scraping page 208 (Attempt 1/3) …
[2026-08-01 14:17:28] [INFO] [price_scraper]   -> 10 records from page 208
[2026-08-01 14:17:28] [INFO] [price_scraper]   -> 10 new rows inserted (total 2063)
[2026-08-01 14:17:30] [INFO] [price_scraper] Scraping page 209 (Attempt 1/3) …
[2026-08-01 14:17:36] [INFO] [price_scraper]   -> 10 records from page 209
[2026-08-01 14:17:36] [INFO] [price_scraper]   -> 10 new rows inserted (total 2073)
[2026-08-01 14:17:38] [INFO] [price_scraper] Scraping page 210 (Attempt 1/3) …
[2026-08-01 14:17:44] [INFO] [price_scraper]   -> 10 records from page 210
[2026-08-01 14:17:45] [INFO] [price_scraper]   -> 10 new rows inserted (total 2083)
[2026-08-01 14:17:47] [INFO] [price_scraper] Scraping page 211 (Attempt 1/3) …
[2026-08-01 14:17:52] [INFO] [price_scraper]   -> 10 records from page 211
[2026-08-01 14:17:52] [INFO] [price_scraper]   -> 10 new rows inserted (total 2093)
[2026-08-01 14:17:54] [INFO] [price_scraper] Scraping page 212 (Attempt 1/3) …
[2026-08-01 14:18:01] [INFO] [price_scraper]   -> 10 records from page 212
[2026-08-01 14:18:01] [INFO] [price_scraper]   -> 10 new rows inserted (total 2103)
[2026-08-01 14:18:03] [INFO] [price_scraper] Scraping page 213 (Attempt 1/3) …
[2026-08-01 14:18:09] [INFO] [price_scraper]   -> 10 records from page 213
[2026-08-01 14:18:09] [INFO] [price_scraper]   -> 10 new rows inserted (total 2113)
[2026-08-01 14:18:11] [INFO] [price_scraper] Scraping page 214 (Attempt 1/3) …
[2026-08-01 14:18:18] [INFO] [price_scraper]   -> 10 records from page 214
[2026-08-01 14:18:18] [INFO] [price_scraper]   -> 10 new rows inserted (total 2123)
[2026-08-01 14:18:20] [INFO] [price_scraper] Scraping page 215 (Attempt 1/3) …
[2026-08-01 14:18:26] [INFO] [price_scraper]   -> 10 records from page 215
[2026-08-01 14:18:27] [INFO] [price_scraper]   -> 10 new rows inserted (total 2133)
[2026-08-01 14:18:29] [INFO] [price_scraper] Scraping page 216 (Attempt 1/3) …
[2026-08-01 14:18:35] [INFO] [price_scraper]   -> 10 records from page 216
[2026-08-01 14:18:35] [INFO] [price_scraper]   -> 10 new rows inserted (total 2143)
[2026-08-01 14:18:37] [INFO] [price_scraper] Scraping page 217 (Attempt 1/3) …
[2026-08-01 14:18:43] [INFO] [price_scraper]   -> 10 records from page 217
[2026-08-01 14:18:43] [INFO] [price_scraper]   -> 10 new rows inserted (total 2153)
[2026-08-01 14:18:45] [INFO] [price_scraper] Scraping page 218 (Attempt 1/3) …
[2026-08-01 14:18:52] [INFO] [price_scraper]   -> 10 records from page 218
[2026-08-01 14:18:52] [INFO] [price_scraper]   -> 10 new rows inserted (total 2163)
[2026-08-01 14:18:54] [INFO] [price_scraper] Scraping page 219 (Attempt 1/3) …
[2026-08-01 14:19:00] [INFO] [price_scraper]   -> 10 records from page 219
[2026-08-01 14:19:00] [INFO] [price_scraper]   -> 10 new rows inserted (total 2173)
[2026-08-01 14:19:02] [INFO] [price_scraper] Scraping page 220 (Attempt 1/3) …
[2026-08-01 14:19:09] [INFO] [price_scraper]   -> 10 records from page 220
[2026-08-01 14:19:09] [INFO] [price_scraper]   -> 10 new rows inserted (total 2183)
[2026-08-01 14:19:11] [INFO] [price_scraper] Scraping page 221 (Attempt 1/3) …
[2026-08-01 14:19:17] [INFO] [price_scraper]   -> 10 records from page 221
[2026-08-01 14:19:17] [INFO] [price_scraper]   -> 10 new rows inserted (total 2193)
[2026-08-01 14:19:19] [INFO] [price_scraper] Scraping page 222 (Attempt 1/3) …
[2026-08-01 14:19:26] [INFO] [price_scraper]   -> 10 records from page 222
[2026-08-01 14:19:26] [INFO] [price_scraper]   -> 10 new rows inserted (total 2203)
[2026-08-01 14:19:28] [INFO] [price_scraper] Scraping page 223 (Attempt 1/3) …
[2026-08-01 14:19:34] [INFO] [price_scraper]   -> 10 records from page 223
[2026-08-01 14:19:34] [INFO] [price_scraper]   -> 10 new rows inserted (total 2213)
[2026-08-01 14:19:36] [INFO] [price_scraper] Scraping page 224 (Attempt 1/3) …
[2026-08-01 14:19:42] [INFO] [price_scraper]   -> 10 records from page 224
[2026-08-01 14:19:42] [INFO] [price_scraper]   -> 10 new rows inserted (total 2223)
[2026-08-01 14:19:44] [INFO] [price_scraper] Scraping page 225 (Attempt 1/3) …
[2026-08-01 14:19:51] [INFO] [price_scraper]   -> 10 records from page 225
[2026-08-01 14:19:51] [INFO] [price_scraper]   -> 10 new rows inserted (total 2233)
[2026-08-01 14:19:53] [INFO] [price_scraper] Scraping page 226 (Attempt 1/3) …
[2026-08-01 14:19:59] [INFO] [price_scraper]   -> 10 records from page 226
[2026-08-01 14:19:59] [INFO] [price_scraper]   -> 10 new rows inserted (total 2243)
[2026-08-01 14:20:01] [INFO] [price_scraper] Scraping page 227 (Attempt 1/3) …
[2026-08-01 14:20:07] [INFO] [price_scraper]   -> 10 records from page 227
[2026-08-01 14:20:07] [INFO] [price_scraper]   -> 10 new rows inserted (total 2253)
[2026-08-01 14:20:09] [INFO] [price_scraper] Scraping page 228 (Attempt 1/3) …
[2026-08-01 14:20:14] [INFO] [price_scraper]   -> 10 records from page 228
[2026-08-01 14:20:14] [INFO] [price_scraper]   -> 10 new rows inserted (total 2263)
[2026-08-01 14:20:16] [INFO] [price_scraper] Scraping page 229 (Attempt 1/3) …
[2026-08-01 14:20:24] [INFO] [price_scraper]   -> 10 records from page 229
[2026-08-01 14:20:24] [INFO] [price_scraper]   -> 10 new rows inserted (total 2273)
[2026-08-01 14:20:26] [INFO] [price_scraper] Scraping page 230 (Attempt 1/3) …
[2026-08-01 14:20:32] [INFO] [price_scraper]   -> 10 records from page 230
[2026-08-01 14:20:32] [INFO] [price_scraper]   -> 10 new rows inserted (total 2283)
[2026-08-01 14:20:34] [INFO] [price_scraper] Scraping page 231 (Attempt 1/3) …
[2026-08-01 14:20:39] [INFO] [price_scraper]   -> 10 records from page 231
[2026-08-01 14:20:40] [INFO] [price_scraper]   -> 10 new rows inserted (total 2293)
[2026-08-01 14:20:42] [INFO] [price_scraper] Scraping page 232 (Attempt 1/3) …
[2026-08-01 14:20:48] [INFO] [price_scraper]   -> 10 records from page 232
[2026-08-01 14:20:48] [INFO] [price_scraper]   -> 10 new rows inserted (total 2303)
[2026-08-01 14:20:50] [INFO] [price_scraper] Scraping page 233 (Attempt 1/3) …
[2026-08-01 14:20:56] [INFO] [price_scraper]   -> 10 records from page 233
[2026-08-01 14:20:56] [INFO] [price_scraper]   -> 10 new rows inserted (total 2313)
[2026-08-01 14:20:58] [INFO] [price_scraper] Scraping page 234 (Attempt 1/3) …
[2026-08-01 14:21:04] [INFO] [price_scraper]   -> 10 records from page 234
[2026-08-01 14:21:04] [INFO] [price_scraper]   -> 10 new rows inserted (total 2323)
[2026-08-01 14:21:06] [INFO] [price_scraper] Scraping page 235 (Attempt 1/3) …
[2026-08-01 14:21:11] [INFO] [price_scraper]   -> 10 records from page 235
[2026-08-01 14:21:11] [INFO] [price_scraper]   -> 10 new rows inserted (total 2333)
[2026-08-01 14:21:13] [INFO] [price_scraper] Scraping page 236 (Attempt 1/3) …
[2026-08-01 14:21:19] [INFO] [price_scraper]   -> 10 records from page 236
[2026-08-01 14:21:19] [INFO] [price_scraper]   -> 10 new rows inserted (total 2343)
[2026-08-01 14:21:21] [INFO] [price_scraper] Scraping page 237 (Attempt 1/3) …
[2026-08-01 14:21:26] [INFO] [price_scraper]   -> 10 records from page 237
[2026-08-01 14:21:26] [INFO] [price_scraper]   -> 10 new rows inserted (total 2353)
[2026-08-01 14:21:28] [INFO] [price_scraper] Scraping page 238 (Attempt 1/3) …
[2026-08-01 14:21:33] [INFO] [price_scraper]   -> 10 records from page 238
[2026-08-01 14:21:33] [INFO] [price_scraper]   -> 10 new rows inserted (total 2363)
[2026-08-01 14:21:35] [INFO] [price_scraper] Scraping page 239 (Attempt 1/3) …
[2026-08-01 14:21:41] [INFO] [price_scraper]   -> 10 records from page 239
[2026-08-01 14:21:41] [INFO] [price_scraper]   -> 10 new rows inserted (total 2373)
[2026-08-01 14:21:43] [INFO] [price_scraper] Scraping page 240 (Attempt 1/3) …
[2026-08-01 14:21:53] [INFO] [price_scraper]   -> 10 records from page 240
[2026-08-01 14:21:53] [INFO] [price_scraper]   -> 10 new rows inserted (total 2383)
[2026-08-01 14:21:55] [INFO] [price_scraper] Scraping page 241 (Attempt 1/3) …
[2026-08-01 14:22:02] [INFO] [price_scraper]   -> 10 records from page 241
[2026-08-01 14:22:02] [INFO] [price_scraper]   -> 10 new rows inserted (total 2393)
[2026-08-01 14:22:04] [INFO] [price_scraper] Scraping page 242 (Attempt 1/3) …
[2026-08-01 14:22:10] [INFO] [price_scraper]   -> 10 records from page 242
[2026-08-01 14:22:10] [INFO] [price_scraper]   -> 10 new rows inserted (total 2403)
[2026-08-01 14:22:12] [INFO] [price_scraper] Scraping page 243 (Attempt 1/3) …
[2026-08-01 14:22:19] [INFO] [price_scraper]   -> 10 records from page 243
[2026-08-01 14:22:19] [INFO] [price_scraper]   -> 10 new rows inserted (total 2413)
[2026-08-01 14:22:21] [INFO] [price_scraper] Scraping page 244 (Attempt 1/3) …
[2026-08-01 14:22:28] [INFO] [price_scraper]   -> 10 records from page 244
[2026-08-01 14:22:28] [INFO] [price_scraper]   -> 10 new rows inserted (total 2423)
[2026-08-01 14:22:30] [INFO] [price_scraper] Scraping page 245 (Attempt 1/3) …
[2026-08-01 14:22:37] [INFO] [price_scraper]   -> 10 records from page 245
[2026-08-01 14:22:37] [INFO] [price_scraper]   -> 10 new rows inserted (total 2433)
[2026-08-01 14:22:39] [INFO] [price_scraper] Scraping page 246 (Attempt 1/3) …
[2026-08-01 14:22:46] [INFO] [price_scraper]   -> 10 records from page 246
[2026-08-01 14:22:46] [INFO] [price_scraper]   -> 10 new rows inserted (total 2443)
[2026-08-01 14:22:48] [INFO] [price_scraper] Scraping page 247 (Attempt 1/3) …
[2026-08-01 14:22:56] [INFO] [price_scraper]   -> 10 records from page 247
[2026-08-01 14:22:56] [INFO] [price_scraper]   -> 10 new rows inserted (total 2453)
[2026-08-01 14:22:58] [INFO] [price_scraper] Scraping page 248 (Attempt 1/3) …
[2026-08-01 14:23:06] [INFO] [price_scraper]   -> 10 records from page 248
[2026-08-01 14:23:06] [INFO] [price_scraper]   -> 10 new rows inserted (total 2463)
[2026-08-01 14:23:08] [INFO] [price_scraper] Scraping page 249 (Attempt 1/3) …
[2026-08-01 14:23:15] [INFO] [price_scraper]   -> 10 records from page 249
[2026-08-01 14:23:15] [INFO] [price_scraper]   -> 10 new rows inserted (total 2473)
[2026-08-01 14:23:17] [INFO] [price_scraper] Scraping page 250 (Attempt 1/3) …
[2026-08-01 14:23:24] [INFO] [price_scraper]   -> 10 records from page 250
[2026-08-01 14:23:24] [INFO] [price_scraper]   -> 10 new rows inserted (total 2483)
[2026-08-01 14:23:26] [INFO] [price_scraper] Scraping page 251 (Attempt 1/3) …
[2026-08-01 14:23:33] [INFO] [price_scraper]   -> 10 records from page 251
[2026-08-01 14:23:33] [INFO] [price_scraper]   -> 10 new rows inserted (total 2493)
[2026-08-01 14:23:35] [INFO] [price_scraper] Scraping page 252 (Attempt 1/3) …
[2026-08-01 14:23:41] [INFO] [price_scraper]   -> 10 records from page 252
[2026-08-01 14:23:41] [INFO] [price_scraper]   -> 10 new rows inserted (total 2503)
[2026-08-01 14:23:43] [INFO] [price_scraper] Scraping page 253 (Attempt 1/3) …
[2026-08-01 14:23:50] [INFO] [price_scraper]   -> 10 records from page 253
[2026-08-01 14:23:50] [INFO] [price_scraper]   -> 10 new rows inserted (total 2513)
[2026-08-01 14:23:52] [INFO] [price_scraper] Scraping page 254 (Attempt 1/3) …
[2026-08-01 14:23:58] [INFO] [price_scraper]   -> 10 records from page 254
[2026-08-01 14:23:58] [INFO] [price_scraper]   -> 10 new rows inserted (total 2523)
[2026-08-01 14:24:00] [INFO] [price_scraper] Scraping page 255 (Attempt 1/3) …
[2026-08-01 14:24:07] [INFO] [price_scraper]   -> 10 records from page 255
[2026-08-01 14:24:07] [INFO] [price_scraper]   -> 10 new rows inserted (total 2533)
[2026-08-01 14:24:09] [INFO] [price_scraper] Scraping page 256 (Attempt 1/3) …
[2026-08-01 14:24:16] [INFO] [price_scraper]   -> 10 records from page 256
[2026-08-01 14:24:16] [INFO] [price_scraper]   -> 10 new rows inserted (total 2543)
[2026-08-01 14:24:18] [INFO] [price_scraper] Scraping page 257 (Attempt 1/3) …
[2026-08-01 14:24:25] [INFO] [price_scraper]   -> 10 records from page 257
[2026-08-01 14:24:25] [INFO] [price_scraper]   -> 10 new rows inserted (total 2553)
[2026-08-01 14:24:27] [INFO] [price_scraper] Scraping page 258 (Attempt 1/3) …
[2026-08-01 14:24:34] [INFO] [price_scraper]   -> 10 records from page 258
[2026-08-01 14:24:34] [INFO] [price_scraper]   -> 10 new rows inserted (total 2563)
[2026-08-01 14:24:36] [INFO] [price_scraper] Scraping page 259 (Attempt 1/3) …
[2026-08-01 14:24:43] [INFO] [price_scraper]   -> 10 records from page 259
[2026-08-01 14:24:43] [INFO] [price_scraper]   -> 10 new rows inserted (total 2573)
[2026-08-01 14:24:45] [INFO] [price_scraper] Scraping page 260 (Attempt 1/3) …
[2026-08-01 14:24:51] [INFO] [price_scraper]   -> 10 records from page 260
[2026-08-01 14:24:51] [INFO] [price_scraper]   -> 10 new rows inserted (total 2583)
[2026-08-01 14:24:53] [INFO] [price_scraper] Scraping page 261 (Attempt 1/3) …
[2026-08-01 14:25:03] [INFO] [price_scraper]   -> 10 records from page 261
[2026-08-01 14:25:03] [INFO] [price_scraper]   -> 10 new rows inserted (total 2593)
[2026-08-01 14:25:05] [INFO] [price_scraper] Scraping page 262 (Attempt 1/3) …
[2026-08-01 14:25:12] [INFO] [price_scraper]   -> 10 records from page 262
[2026-08-01 14:25:12] [INFO] [price_scraper]   -> 9 new rows inserted (total 2602)
[2026-08-01 14:25:14] [INFO] [price_scraper] Scraping page 263 (Attempt 1/3) …
[2026-08-01 14:25:20] [INFO] [price_scraper]   -> 10 records from page 263
[2026-08-01 14:25:20] [INFO] [price_scraper]   -> 10 new rows inserted (total 2612)
[2026-08-01 14:25:22] [INFO] [price_scraper] Scraping page 264 (Attempt 1/3) …
[2026-08-01 14:25:29] [INFO] [price_scraper]   -> 10 records from page 264
[2026-08-01 14:25:29] [INFO] [price_scraper]   -> 10 new rows inserted (total 2622)
[2026-08-01 14:25:31] [INFO] [price_scraper] Scraping page 265 (Attempt 1/3) …
[2026-08-01 14:25:38] [INFO] [price_scraper]   -> 10 records from page 265
[2026-08-01 14:25:38] [INFO] [price_scraper]   -> 10 new rows inserted (total 2632)
[2026-08-01 14:25:40] [INFO] [price_scraper] Scraping page 266 (Attempt 1/3) …
[2026-08-01 14:25:47] [INFO] [price_scraper]   -> 10 records from page 266
[2026-08-01 14:25:47] [INFO] [price_scraper]   -> 10 new rows inserted (total 2642)
[2026-08-01 14:25:49] [INFO] [price_scraper] Scraping page 267 (Attempt 1/3) …
[2026-08-01 14:25:57] [INFO] [price_scraper]   -> 10 records from page 267
[2026-08-01 14:25:57] [INFO] [price_scraper]   -> 10 new rows inserted (total 2652)
[2026-08-01 14:25:59] [INFO] [price_scraper] Scraping page 268 (Attempt 1/3) …
[2026-08-01 14:26:05] [INFO] [price_scraper]   -> 10 records from page 268
[2026-08-01 14:26:05] [INFO] [price_scraper]   -> 10 new rows inserted (total 2662)
[2026-08-01 14:26:07] [INFO] [price_scraper] Scraping page 269 (Attempt 1/3) …
[2026-08-01 14:26:13] [INFO] [price_scraper]   -> 10 records from page 269
[2026-08-01 14:26:13] [INFO] [price_scraper]   -> 10 new rows inserted (total 2672)
[2026-08-01 14:26:15] [INFO] [price_scraper] Scraping page 270 (Attempt 1/3) …
[2026-08-01 14:26:25] [INFO] [price_scraper]   -> 10 records from page 270
[2026-08-01 14:26:25] [INFO] [price_scraper]   -> 10 new rows inserted (total 2682)
[2026-08-01 14:26:27] [INFO] [price_scraper] Scraping page 271 (Attempt 1/3) …
[2026-08-01 14:26:33] [INFO] [price_scraper]   -> 10 records from page 271
[2026-08-01 14:26:33] [INFO] [price_scraper]   -> 10 new rows inserted (total 2692)
[2026-08-01 14:26:35] [INFO] [price_scraper] Scraping page 272 (Attempt 1/3) …
[2026-08-01 14:26:41] [INFO] [price_scraper]   -> 10 records from page 272
[2026-08-01 14:26:41] [INFO] [price_scraper]   -> 10 new rows inserted (total 2702)
[2026-08-01 14:26:43] [INFO] [price_scraper] Scraping page 273 (Attempt 1/3) …
[2026-08-01 14:26:50] [INFO] [price_scraper]   -> 10 records from page 273
[2026-08-01 14:26:50] [INFO] [price_scraper]   -> 10 new rows inserted (total 2712)
[2026-08-01 14:26:52] [INFO] [price_scraper] Scraping page 274 (Attempt 1/3) …
[2026-08-01 14:27:01] [INFO] [price_scraper]   -> 10 records from page 274
[2026-08-01 14:27:01] [INFO] [price_scraper]   -> 10 new rows inserted (total 2722)
[2026-08-01 14:27:03] [INFO] [price_scraper] Scraping page 275 (Attempt 1/3) …
[2026-08-01 14:27:09] [INFO] [price_scraper]   -> 10 records from page 275
[2026-08-01 14:27:09] [INFO] [price_scraper]   -> 10 new rows inserted (total 2732)
[2026-08-01 14:27:11] [INFO] [price_scraper] Scraping page 276 (Attempt 1/3) …
[2026-08-01 14:27:17] [INFO] [price_scraper]   -> 10 records from page 276
[2026-08-01 14:27:17] [INFO] [price_scraper]   -> 10 new rows inserted (total 2742)
[2026-08-01 14:27:19] [INFO] [price_scraper] Scraping page 277 (Attempt 1/3) …
[2026-08-01 14:27:26] [INFO] [price_scraper]   -> 10 records from page 277
[2026-08-01 14:27:26] [INFO] [price_scraper]   -> 10 new rows inserted (total 2752)
[2026-08-01 14:27:29] [INFO] [price_scraper] Scraping page 278 (Attempt 1/3) …
[2026-08-01 14:27:35] [INFO] [price_scraper]   -> 10 records from page 278
[2026-08-01 14:27:35] [INFO] [price_scraper]   -> 10 new rows inserted (total 2762)
[2026-08-01 14:27:37] [INFO] [price_scraper] Scraping page 279 (Attempt 1/3) …
[2026-08-01 14:27:44] [INFO] [price_scraper]   -> 10 records from page 279
[2026-08-01 14:27:44] [INFO] [price_scraper]   -> 10 new rows inserted (total 2772)
[2026-08-01 14:27:46] [INFO] [price_scraper] Scraping page 280 (Attempt 1/3) …
[2026-08-01 14:27:53] [INFO] [price_scraper]   -> 10 records from page 280
[2026-08-01 14:27:53] [INFO] [price_scraper]   -> 10 new rows inserted (total 2782)
[2026-08-01 14:27:55] [INFO] [price_scraper] Scraping page 281 (Attempt 1/3) …
[2026-08-01 14:28:02] [INFO] [price_scraper]   -> 10 records from page 281
[2026-08-01 14:28:02] [INFO] [price_scraper]   -> 10 new rows inserted (total 2792)
[2026-08-01 14:28:04] [INFO] [price_scraper] Scraping page 282 (Attempt 1/3) …
[2026-08-01 14:28:10] [INFO] [price_scraper]   -> 10 records from page 282
[2026-08-01 14:28:10] [INFO] [price_scraper]   -> 10 new rows inserted (total 2802)
[2026-08-01 14:28:12] [INFO] [price_scraper] Scraping page 283 (Attempt 1/3) …
[2026-08-01 14:28:18] [INFO] [price_scraper]   -> 10 records from page 283
[2026-08-01 14:28:19] [INFO] [price_scraper]   -> 10 new rows inserted (total 2812)
[2026-08-01 14:28:21] [INFO] [price_scraper] Scraping page 284 (Attempt 1/3) …
[2026-08-01 14:28:27] [INFO] [price_scraper]   -> 10 records from page 284
[2026-08-01 14:28:27] [INFO] [price_scraper]   -> 10 new rows inserted (total 2822)
[2026-08-01 14:28:29] [INFO] [price_scraper] Scraping page 285 (Attempt 1/3) …
[2026-08-01 14:28:35] [INFO] [price_scraper]   -> 10 records from page 285
[2026-08-01 14:28:35] [INFO] [price_scraper]   -> 10 new rows inserted (total 2832)
[2026-08-01 14:28:37] [INFO] [price_scraper] Scraping page 286 (Attempt 1/3) …
[2026-08-01 14:28:44] [INFO] [price_scraper]   -> 10 records from page 286
[2026-08-01 14:28:44] [INFO] [price_scraper]   -> 10 new rows inserted (total 2842)
[2026-08-01 14:28:46] [INFO] [price_scraper] Scraping page 287 (Attempt 1/3) …
[2026-08-01 14:28:52] [INFO] [price_scraper]   -> 10 records from page 287
[2026-08-01 14:28:52] [INFO] [price_scraper]   -> 10 new rows inserted (total 2852)
[2026-08-01 14:28:54] [INFO] [price_scraper] Scraping page 288 (Attempt 1/3) …
[2026-08-01 14:29:04] [INFO] [price_scraper]   -> 10 records from page 288
[2026-08-01 14:29:04] [INFO] [price_scraper]   -> 9 new rows inserted (total 2861)
[2026-08-01 14:29:06] [INFO] [price_scraper] Scraping page 289 (Attempt 1/3) …
[2026-08-01 14:29:13] [INFO] [price_scraper]   -> 10 records from page 289
[2026-08-01 14:29:13] [INFO] [price_scraper]   -> 10 new rows inserted (total 2871)
[2026-08-01 14:29:15] [INFO] [price_scraper] Scraping page 290 (Attempt 1/3) …
[2026-08-01 14:29:21] [INFO] [price_scraper]   -> 10 records from page 290
[2026-08-01 14:29:21] [INFO] [price_scraper]   -> 10 new rows inserted (total 2881)
[2026-08-01 14:29:23] [INFO] [price_scraper] Scraping page 291 (Attempt 1/3) …
[2026-08-01 14:29:29] [INFO] [price_scraper]   -> 10 records from page 291
[2026-08-01 14:29:29] [INFO] [price_scraper]   -> 10 new rows inserted (total 2891)
[2026-08-01 14:29:31] [INFO] [price_scraper] Scraping page 292 (Attempt 1/3) …
[2026-08-01 14:29:37] [INFO] [price_scraper]   -> 10 records from page 292
[2026-08-01 14:29:37] [INFO] [price_scraper]   -> 10 new rows inserted (total 2901)
[2026-08-01 14:29:39] [INFO] [price_scraper] Scraping page 293 (Attempt 1/3) …
[2026-08-01 14:29:49] [INFO] [price_scraper]   -> 10 records from page 293
[2026-08-01 14:29:49] [INFO] [price_scraper]   -> 10 new rows inserted (total 2911)
[2026-08-01 14:29:51] [INFO] [price_scraper] Scraping page 294 (Attempt 1/3) …
[2026-08-01 14:29:58] [INFO] [price_scraper]   -> 10 records from page 294
[2026-08-01 14:29:58] [INFO] [price_scraper]   -> 10 new rows inserted (total 2921)
[2026-08-01 14:30:00] [INFO] [price_scraper] Scraping page 295 (Attempt 1/3) …
[2026-08-01 14:30:09] [INFO] [price_scraper]   -> 10 records from page 295
[2026-08-01 14:30:09] [INFO] [price_scraper]   -> 10 new rows inserted (total 2931)
[2026-08-01 14:30:11] [INFO] [price_scraper] Scraping page 296 (Attempt 1/3) …
[2026-08-01 14:30:18] [INFO] [price_scraper]   -> 10 records from page 296
[2026-08-01 14:30:18] [INFO] [price_scraper]   -> 10 new rows inserted (total 2941)
[2026-08-01 14:30:20] [INFO] [price_scraper] Scraping page 297 (Attempt 1/3) …
[2026-08-01 14:30:26] [INFO] [price_scraper]   -> 10 records from page 297
[2026-08-01 14:30:26] [INFO] [price_scraper]   -> 10 new rows inserted (total 2951)
[2026-08-01 14:30:28] [INFO] [price_scraper] Scraping page 298 (Attempt 1/3) …
[2026-08-01 14:30:35] [INFO] [price_scraper]   -> 10 records from page 298
[2026-08-01 14:30:35] [INFO] [price_scraper]   -> 10 new rows inserted (total 2961)
[2026-08-01 14:30:37] [INFO] [price_scraper] Scraping page 299 (Attempt 1/3) …
[2026-08-01 14:30:43] [INFO] [price_scraper]   -> 10 records from page 299
[2026-08-01 14:30:43] [INFO] [price_scraper]   -> 10 new rows inserted (total 2971)
[2026-08-01 14:30:45] [INFO] [price_scraper] Scraping page 300 (Attempt 1/3) …
[2026-08-01 14:30:51] [INFO] [price_scraper]   -> 10 records from page 300
[2026-08-01 14:30:51] [INFO] [price_scraper]   -> 10 new rows inserted (total 2981)
[2026-08-01 14:30:53] [INFO] [price_scraper] Scraping page 301 (Attempt 1/3) …
[2026-08-01 14:31:00] [INFO] [price_scraper]   -> 10 records from page 301
[2026-08-01 14:31:00] [INFO] [price_scraper]   -> 10 new rows inserted (total 2991)
[2026-08-01 14:31:02] [INFO] [price_scraper] Scraping page 302 (Attempt 1/3) …
[2026-08-01 14:31:09] [INFO] [price_scraper]   -> 10 records from page 302
[2026-08-01 14:31:09] [INFO] [price_scraper]   -> 10 new rows inserted (total 3001)
[2026-08-01 14:31:11] [INFO] [price_scraper] Scraping page 303 (Attempt 1/3) …
[2026-08-01 14:31:18] [INFO] [price_scraper]   -> 10 records from page 303
[2026-08-01 14:31:18] [INFO] [price_scraper]   -> 10 new rows inserted (total 3011)
[2026-08-01 14:31:20] [INFO] [price_scraper] Scraping page 304 (Attempt 1/3) …
[2026-08-01 14:31:25] [INFO] [price_scraper]   -> 10 records from page 304
[2026-08-01 14:31:25] [INFO] [price_scraper]   -> 10 new rows inserted (total 3021)
[2026-08-01 14:31:27] [INFO] [price_scraper] Scraping page 305 (Attempt 1/3) …
[2026-08-01 14:31:35] [INFO] [price_scraper]   -> 10 records from page 305
[2026-08-01 14:31:35] [INFO] [price_scraper]   -> 10 new rows inserted (total 3031)
[2026-08-01 14:31:37] [INFO] [price_scraper] Scraping page 306 (Attempt 1/3) …
[2026-08-01 14:31:44] [INFO] [price_scraper]   -> 10 records from page 306
[2026-08-01 14:31:44] [INFO] [price_scraper]   -> 10 new rows inserted (total 3041)
[2026-08-01 14:31:46] [INFO] [price_scraper] Scraping page 307 (Attempt 1/3) …
[2026-08-01 14:31:52] [INFO] [price_scraper]   -> 10 records from page 307
[2026-08-01 14:31:52] [INFO] [price_scraper]   -> 10 new rows inserted (total 3051)
[2026-08-01 14:31:54] [INFO] [price_scraper] Scraping page 308 (Attempt 1/3) …
[2026-08-01 14:32:01] [INFO] [price_scraper]   -> 10 records from page 308
[2026-08-01 14:32:01] [INFO] [price_scraper]   -> 10 new rows inserted (total 3061)
[2026-08-01 14:32:03] [INFO] [price_scraper] Scraping page 309 (Attempt 1/3) …
[2026-08-01 14:32:09] [INFO] [price_scraper]   -> 10 records from page 309
[2026-08-01 14:32:09] [INFO] [price_scraper]   -> 10 new rows inserted (total 3071)
[2026-08-01 14:32:11] [INFO] [price_scraper] Scraping page 310 (Attempt 1/3) …
[2026-08-01 14:32:19] [INFO] [price_scraper]   -> 10 records from page 310
[2026-08-01 14:32:19] [INFO] [price_scraper]   -> 10 new rows inserted (total 3081)
[2026-08-01 14:32:21] [INFO] [price_scraper] Scraping page 311 (Attempt 1/3) …
[2026-08-01 14:32:27] [INFO] [price_scraper]   -> 10 records from page 311
[2026-08-01 14:32:27] [INFO] [price_scraper]   -> 10 new rows inserted (total 3091)
[2026-08-01 14:32:29] [INFO] [price_scraper] Scraping page 312 (Attempt 1/3) …
[2026-08-01 14:32:36] [INFO] [price_scraper]   -> 10 records from page 312
[2026-08-01 14:32:36] [INFO] [price_scraper]   -> 10 new rows inserted (total 3101)
[2026-08-01 14:32:38] [INFO] [price_scraper] Scraping page 313 (Attempt 1/3) …
[2026-08-01 14:32:46] [INFO] [price_scraper]   -> 10 records from page 313
[2026-08-01 14:32:46] [INFO] [price_scraper]   -> 10 new rows inserted (total 3111)
[2026-08-01 14:32:48] [INFO] [price_scraper] Scraping page 314 (Attempt 1/3) …
[2026-08-01 14:32:54] [INFO] [price_scraper]   -> 10 records from page 314
[2026-08-01 14:32:54] [INFO] [price_scraper]   -> 10 new rows inserted (total 3121)
[2026-08-01 14:32:56] [INFO] [price_scraper] Scraping page 315 (Attempt 1/3) …
[2026-08-01 14:33:04] [INFO] [price_scraper]   -> 10 records from page 315
[2026-08-01 14:33:04] [INFO] [price_scraper]   -> 10 new rows inserted (total 3131)
[2026-08-01 14:33:06] [INFO] [price_scraper] Scraping page 316 (Attempt 1/3) …
[2026-08-01 14:33:13] [INFO] [price_scraper]   -> 10 records from page 316
[2026-08-01 14:33:13] [INFO] [price_scraper]   -> 10 new rows inserted (total 3141)
[2026-08-01 14:33:15] [INFO] [price_scraper] Scraping page 317 (Attempt 1/3) …
[2026-08-01 14:33:21] [INFO] [price_scraper]   -> 10 records from page 317
[2026-08-01 14:33:21] [INFO] [price_scraper]   -> 10 new rows inserted (total 3151)
[2026-08-01 14:33:23] [INFO] [price_scraper] Scraping page 318 (Attempt 1/3) …
[2026-08-01 14:33:29] [INFO] [price_scraper]   -> 10 records from page 318
[2026-08-01 14:33:29] [INFO] [price_scraper]   -> 10 new rows inserted (total 3161)
[2026-08-01 14:33:31] [INFO] [price_scraper] Scraping page 319 (Attempt 1/3) …
[2026-08-01 14:33:37] [INFO] [price_scraper]   -> 10 records from page 319
[2026-08-01 14:33:37] [INFO] [price_scraper]   -> 10 new rows inserted (total 3171)
[2026-08-01 14:33:39] [INFO] [price_scraper] Scraping page 320 (Attempt 1/3) …
[2026-08-01 14:33:46] [INFO] [price_scraper]   -> 10 records from page 320
[2026-08-01 14:33:46] [INFO] [price_scraper]   -> 10 new rows inserted (total 3181)
[2026-08-01 14:33:48] [INFO] [price_scraper] Scraping page 321 (Attempt 1/3) …
[2026-08-01 14:33:54] [INFO] [price_scraper]   -> 10 records from page 321
[2026-08-01 14:33:54] [INFO] [price_scraper]   -> 10 new rows inserted (total 3191)
[2026-08-01 14:33:56] [INFO] [price_scraper] Scraping page 322 (Attempt 1/3) …
[2026-08-01 14:34:04] [INFO] [price_scraper]   -> 10 records from page 322
[2026-08-01 14:34:04] [INFO] [price_scraper]   -> 10 new rows inserted (total 3201)
[2026-08-01 14:34:06] [INFO] [price_scraper] Scraping page 323 (Attempt 1/3) …
[2026-08-01 14:34:13] [INFO] [price_scraper]   -> 10 records from page 323
[2026-08-01 14:34:13] [INFO] [price_scraper]   -> 10 new rows inserted (total 3211)
[2026-08-01 14:34:15] [INFO] [price_scraper] Scraping page 324 (Attempt 1/3) …
[2026-08-01 14:34:21] [INFO] [price_scraper]   -> 10 records from page 324
[2026-08-01 14:34:21] [INFO] [price_scraper]   -> 10 new rows inserted (total 3221)
[2026-08-01 14:34:23] [INFO] [price_scraper] Scraping page 325 (Attempt 1/3) …
[2026-08-01 14:34:29] [INFO] [price_scraper]   -> 10 records from page 325
[2026-08-01 14:34:29] [INFO] [price_scraper]   -> 10 new rows inserted (total 3231)
[2026-08-01 14:34:31] [INFO] [price_scraper] Scraping page 326 (Attempt 1/3) …
[2026-08-01 14:34:37] [INFO] [price_scraper]   -> 10 records from page 326
[2026-08-01 14:34:37] [INFO] [price_scraper]   -> 10 new rows inserted (total 3241)
[2026-08-01 14:34:39] [INFO] [price_scraper] Scraping page 327 (Attempt 1/3) …
[2026-08-01 14:34:46] [INFO] [price_scraper]   -> 10 records from page 327
[2026-08-01 14:34:46] [INFO] [price_scraper]   -> 10 new rows inserted (total 3251)
[2026-08-01 14:34:48] [INFO] [price_scraper] Scraping page 328 (Attempt 1/3) …
[2026-08-01 14:34:55] [INFO] [price_scraper]   -> 10 records from page 328
[2026-08-01 14:34:55] [INFO] [price_scraper]   -> 10 new rows inserted (total 3261)
[2026-08-01 14:34:57] [INFO] [price_scraper] Scraping page 329 (Attempt 1/3) …
[2026-08-01 14:35:03] [INFO] [price_scraper]   -> 10 records from page 329
[2026-08-01 14:35:03] [INFO] [price_scraper]   -> 10 new rows inserted (total 3271)
[2026-08-01 14:35:05] [INFO] [price_scraper] Scraping page 330 (Attempt 1/3) …
[2026-08-01 14:35:11] [INFO] [price_scraper]   -> 10 records from page 330
[2026-08-01 14:35:11] [INFO] [price_scraper]   -> 10 new rows inserted (total 3281)
[2026-08-01 14:35:13] [INFO] [price_scraper] Scraping page 331 (Attempt 1/3) …
[2026-08-01 14:35:19] [INFO] [price_scraper]   -> 10 records from page 331
[2026-08-01 14:35:19] [INFO] [price_scraper]   -> 10 new rows inserted (total 3291)
[2026-08-01 14:35:21] [INFO] [price_scraper] Scraping page 332 (Attempt 1/3) …
[2026-08-01 14:35:28] [INFO] [price_scraper]   -> 10 records from page 332
[2026-08-01 14:35:28] [INFO] [price_scraper]   -> 10 new rows inserted (total 3301)
[2026-08-01 14:35:30] [INFO] [price_scraper] Scraping page 333 (Attempt 1/3) …
[2026-08-01 14:35:40] [INFO] [price_scraper]   -> 10 records from page 333
[2026-08-01 14:35:40] [INFO] [price_scraper]   -> 10 new rows inserted (total 3311)
[2026-08-01 14:35:42] [INFO] [price_scraper] Scraping page 334 (Attempt 1/3) …
[2026-08-01 14:35:49] [INFO] [price_scraper]   -> 10 records from page 334
[2026-08-01 14:35:49] [INFO] [price_scraper]   -> 10 new rows inserted (total 3321)
[2026-08-01 14:35:51] [INFO] [price_scraper] Scraping page 335 (Attempt 1/3) …
[2026-08-01 14:35:58] [INFO] [price_scraper]   -> 10 records from page 335
[2026-08-01 14:35:58] [INFO] [price_scraper]   -> 10 new rows inserted (total 3331)
[2026-08-01 14:36:00] [INFO] [price_scraper] Scraping page 336 (Attempt 1/3) …
[2026-08-01 14:36:06] [INFO] [price_scraper]   -> 10 records from page 336
[2026-08-01 14:36:06] [INFO] [price_scraper]   -> 10 new rows inserted (total 3341)
[2026-08-01 14:36:08] [INFO] [price_scraper] Scraping page 337 (Attempt 1/3) …
[2026-08-01 14:36:15] [INFO] [price_scraper]   -> 10 records from page 337
[2026-08-01 14:36:15] [INFO] [price_scraper]   -> 10 new rows inserted (total 3351)
[2026-08-01 14:36:17] [INFO] [price_scraper] Scraping page 338 (Attempt 1/3) …
[2026-08-01 14:36:26] [INFO] [price_scraper]   -> 10 records from page 338
[2026-08-01 14:36:26] [INFO] [price_scraper]   -> 10 new rows inserted (total 3361)
[2026-08-01 14:36:28] [INFO] [price_scraper] Scraping page 339 (Attempt 1/3) …
[2026-08-01 14:36:34] [INFO] [price_scraper]   -> 10 records from page 339
[2026-08-01 14:36:34] [INFO] [price_scraper]   -> 10 new rows inserted (total 3371)
[2026-08-01 14:36:36] [INFO] [price_scraper] Scraping page 340 (Attempt 1/3) …
[2026-08-01 14:36:42] [INFO] [price_scraper]   -> 10 records from page 340
[2026-08-01 14:36:42] [INFO] [price_scraper]   -> 10 new rows inserted (total 3381)
[2026-08-01 14:36:44] [INFO] [price_scraper] Scraping page 341 (Attempt 1/3) …
[2026-08-01 14:36:51] [INFO] [price_scraper]   -> 10 records from page 341
[2026-08-01 14:36:51] [INFO] [price_scraper]   -> 10 new rows inserted (total 3391)
[2026-08-01 14:36:53] [INFO] [price_scraper] Scraping page 342 (Attempt 1/3) …
[2026-08-01 14:37:02] [INFO] [price_scraper]   -> 10 records from page 342
[2026-08-01 14:37:02] [INFO] [price_scraper]   -> 10 new rows inserted (total 3401)
[2026-08-01 14:37:04] [INFO] [price_scraper] Scraping page 343 (Attempt 1/3) …
[2026-08-01 14:37:10] [INFO] [price_scraper]   -> 10 records from page 343
[2026-08-01 14:37:10] [INFO] [price_scraper]   -> 10 new rows inserted (total 3411)
[2026-08-01 14:37:12] [INFO] [price_scraper] Scraping page 344 (Attempt 1/3) …
[2026-08-01 14:37:18] [INFO] [price_scraper]   -> 10 records from page 344
[2026-08-01 14:37:18] [INFO] [price_scraper]   -> 10 new rows inserted (total 3421)
[2026-08-01 14:37:20] [INFO] [price_scraper] Scraping page 345 (Attempt 1/3) …
[2026-08-01 14:37:27] [INFO] [price_scraper]   -> 10 records from page 345
[2026-08-01 14:37:27] [INFO] [price_scraper]   -> 10 new rows inserted (total 3431)
[2026-08-01 14:37:29] [INFO] [price_scraper] Scraping page 346 (Attempt 1/3) …
[2026-08-01 14:37:35] [INFO] [price_scraper]   -> 10 records from page 346
[2026-08-01 14:37:35] [INFO] [price_scraper]   -> 10 new rows inserted (total 3441)
[2026-08-01 14:37:37] [INFO] [price_scraper] Scraping page 347 (Attempt 1/3) …
[2026-08-01 14:37:44] [INFO] [price_scraper]   -> 10 records from page 347
[2026-08-01 14:37:44] [INFO] [price_scraper]   -> 10 new rows inserted (total 3451)
[2026-08-01 14:37:46] [INFO] [price_scraper] Scraping page 348 (Attempt 1/3) …
[2026-08-01 14:37:52] [INFO] [price_scraper]   -> 10 records from page 348
[2026-08-01 14:37:52] [INFO] [price_scraper]   -> 10 new rows inserted (total 3461)
[2026-08-01 14:37:54] [INFO] [price_scraper] Scraping page 349 (Attempt 1/3) …
[2026-08-01 14:37:59] [INFO] [price_scraper]   -> 10 records from page 349
[2026-08-01 14:37:59] [INFO] [price_scraper]   -> 10 new rows inserted (total 3471)
[2026-08-01 14:38:01] [INFO] [price_scraper] Scraping page 350 (Attempt 1/3) …
[2026-08-01 14:38:08] [INFO] [price_scraper]   -> 10 records from page 350
[2026-08-01 14:38:08] [INFO] [price_scraper]   -> 10 new rows inserted (total 3481)
[2026-08-01 14:38:10] [INFO] [price_scraper] Scraping page 351 (Attempt 1/3) …
[2026-08-01 14:38:17] [INFO] [price_scraper]   -> 10 records from page 351
[2026-08-01 14:38:17] [INFO] [price_scraper]   -> 10 new rows inserted (total 3491)
[2026-08-01 14:38:19] [INFO] [price_scraper] Scraping page 352 (Attempt 1/3) …
[2026-08-01 14:38:28] [INFO] [price_scraper]   -> 10 records from page 352
[2026-08-01 14:38:28] [INFO] [price_scraper]   -> 10 new rows inserted (total 3501)
[2026-08-01 14:38:30] [INFO] [price_scraper] Scraping page 353 (Attempt 1/3) …
[2026-08-01 14:38:38] [INFO] [price_scraper]   -> 10 records from page 353
[2026-08-01 14:38:38] [INFO] [price_scraper]   -> 10 new rows inserted (total 3511)
[2026-08-01 14:38:40] [INFO] [price_scraper] Scraping page 354 (Attempt 1/3) …
[2026-08-01 14:38:48] [INFO] [price_scraper]   -> 10 records from page 354
[2026-08-01 14:38:48] [INFO] [price_scraper]   -> 10 new rows inserted (total 3521)
[2026-08-01 14:38:50] [INFO] [price_scraper] Scraping page 355 (Attempt 1/3) …
[2026-08-01 14:38:57] [INFO] [price_scraper]   -> 10 records from page 355
[2026-08-01 14:38:57] [INFO] [price_scraper]   -> 10 new rows inserted (total 3531)
[2026-08-01 14:38:59] [INFO] [price_scraper] Scraping page 356 (Attempt 1/3) …
[2026-08-01 14:39:07] [INFO] [price_scraper]   -> 10 records from page 356
[2026-08-01 14:39:07] [INFO] [price_scraper]   -> 10 new rows inserted (total 3541)
[2026-08-01 14:39:09] [INFO] [price_scraper] Scraping page 357 (Attempt 1/3) …
[2026-08-01 14:39:16] [INFO] [price_scraper]   -> 10 records from page 357
[2026-08-01 14:39:16] [INFO] [price_scraper]   -> 10 new rows inserted (total 3551)
[2026-08-01 14:39:18] [INFO] [price_scraper] Scraping page 358 (Attempt 1/3) …
[2026-08-01 14:39:24] [INFO] [price_scraper]   -> 10 records from page 358
[2026-08-01 14:39:24] [INFO] [price_scraper]   -> 10 new rows inserted (total 3561)
[2026-08-01 14:39:26] [INFO] [price_scraper] Scraping page 359 (Attempt 1/3) …
[2026-08-01 14:39:34] [INFO] [price_scraper]   -> 10 records from page 359
[2026-08-01 14:39:34] [INFO] [price_scraper]   -> 10 new rows inserted (total 3571)
[2026-08-01 14:39:36] [INFO] [price_scraper] Scraping page 360 (Attempt 1/3) …
[2026-08-01 14:39:42] [INFO] [price_scraper]   -> 10 records from page 360
[2026-08-01 14:39:42] [INFO] [price_scraper]   -> 10 new rows inserted (total 3581)
[2026-08-01 14:39:44] [INFO] [price_scraper] Scraping page 361 (Attempt 1/3) …
[2026-08-01 14:39:51] [INFO] [price_scraper]   -> 10 records from page 361
[2026-08-01 14:39:51] [INFO] [price_scraper]   -> 10 new rows inserted (total 3591)
[2026-08-01 14:39:53] [INFO] [price_scraper] Scraping page 362 (Attempt 1/3) …
[2026-08-01 14:39:59] [INFO] [price_scraper]   -> 10 records from page 362
[2026-08-01 14:39:59] [INFO] [price_scraper]   -> 10 new rows inserted (total 3601)
[2026-08-01 14:40:01] [INFO] [price_scraper] Scraping page 363 (Attempt 1/3) …
[2026-08-01 14:40:08] [INFO] [price_scraper]   -> 10 records from page 363
[2026-08-01 14:40:08] [INFO] [price_scraper]   -> 10 new rows inserted (total 3611)
[2026-08-01 14:40:10] [INFO] [price_scraper] Scraping page 364 (Attempt 1/3) …
[2026-08-01 14:40:17] [INFO] [price_scraper]   -> 10 records from page 364
[2026-08-01 14:40:17] [INFO] [price_scraper]   -> 10 new rows inserted (total 3621)
[2026-08-01 14:40:19] [INFO] [price_scraper] Scraping page 365 (Attempt 1/3) …
[2026-08-01 14:40:25] [INFO] [price_scraper]   -> 10 records from page 365
[2026-08-01 14:40:25] [INFO] [price_scraper]   -> 10 new rows inserted (total 3631)
[2026-08-01 14:40:27] [INFO] [price_scraper] Scraping page 366 (Attempt 1/3) …
[2026-08-01 14:40:34] [INFO] [price_scraper]   -> 10 records from page 366
[2026-08-01 14:40:34] [INFO] [price_scraper]   -> 10 new rows inserted (total 3641)
[2026-08-01 14:40:36] [INFO] [price_scraper] Scraping page 367 (Attempt 1/3) …
[2026-08-01 14:40:43] [INFO] [price_scraper]   -> 10 records from page 367
[2026-08-01 14:40:43] [INFO] [price_scraper]   -> 10 new rows inserted (total 3651)
[2026-08-01 14:40:45] [INFO] [price_scraper] Scraping page 368 (Attempt 1/3) …
[2026-08-01 14:40:51] [INFO] [price_scraper]   -> 10 records from page 368
[2026-08-01 14:40:51] [INFO] [price_scraper]   -> 10 new rows inserted (total 3661)
[2026-08-01 14:40:53] [INFO] [price_scraper] Scraping page 369 (Attempt 1/3) …
[2026-08-01 14:41:00] [INFO] [price_scraper]   -> 10 records from page 369
[2026-08-01 14:41:00] [INFO] [price_scraper]   -> 10 new rows inserted (total 3671)
[2026-08-01 14:41:02] [INFO] [price_scraper] Scraping page 370 (Attempt 1/3) …
[2026-08-01 14:41:09] [INFO] [price_scraper]   -> 10 records from page 370
[2026-08-01 14:41:09] [INFO] [price_scraper]   -> 10 new rows inserted (total 3681)
[2026-08-01 14:41:11] [INFO] [price_scraper] Scraping page 371 (Attempt 1/3) …
[2026-08-01 14:41:17] [INFO] [price_scraper]   -> 10 records from page 371
[2026-08-01 14:41:17] [INFO] [price_scraper]   -> 10 new rows inserted (total 3691)
[2026-08-01 14:41:19] [INFO] [price_scraper] Scraping page 372 (Attempt 1/3) …
[2026-08-01 14:41:26] [INFO] [price_scraper]   -> 10 records from page 372
[2026-08-01 14:41:26] [INFO] [price_scraper]   -> 10 new rows inserted (total 3701)
[2026-08-01 14:41:28] [INFO] [price_scraper] Scraping page 373 (Attempt 1/3) …
[2026-08-01 14:41:34] [INFO] [price_scraper]   -> 10 records from page 373
[2026-08-01 14:41:34] [INFO] [price_scraper]   -> 10 new rows inserted (total 3711)
[2026-08-01 14:41:36] [INFO] [price_scraper] Scraping page 374 (Attempt 1/3) …
[2026-08-01 14:41:42] [INFO] [price_scraper]   -> 10 records from page 374
[2026-08-01 14:41:42] [INFO] [price_scraper]   -> 10 new rows inserted (total 3721)
[2026-08-01 14:41:44] [INFO] [price_scraper] Scraping page 375 (Attempt 1/3) …
[2026-08-01 14:41:50] [INFO] [price_scraper]   -> 10 records from page 375
[2026-08-01 14:41:50] [INFO] [price_scraper]   -> 10 new rows inserted (total 3731)
[2026-08-01 14:41:52] [INFO] [price_scraper] Scraping page 376 (Attempt 1/3) …
[2026-08-01 14:41:59] [INFO] [price_scraper]   -> 10 records from page 376
[2026-08-01 14:41:59] [INFO] [price_scraper]   -> 10 new rows inserted (total 3741)
[2026-08-01 14:42:01] [INFO] [price_scraper] Scraping page 377 (Attempt 1/3) …
[2026-08-01 14:42:08] [INFO] [price_scraper]   -> 10 records from page 377
[2026-08-01 14:42:08] [INFO] [price_scraper]   -> 10 new rows inserted (total 3751)
[2026-08-01 14:42:10] [INFO] [price_scraper] Scraping page 378 (Attempt 1/3) …
[2026-08-01 14:42:17] [INFO] [price_scraper]   -> 10 records from page 378
[2026-08-01 14:42:17] [INFO] [price_scraper]   -> 10 new rows inserted (total 3761)
[2026-08-01 14:42:19] [INFO] [price_scraper] Scraping page 379 (Attempt 1/3) …
[2026-08-01 14:42:26] [INFO] [price_scraper]   -> 10 records from page 379
[2026-08-01 14:42:26] [INFO] [price_scraper]   -> 10 new rows inserted (total 3771)
[2026-08-01 14:42:28] [INFO] [price_scraper] Scraping page 380 (Attempt 1/3) …
[2026-08-01 14:42:34] [INFO] [price_scraper]   -> 10 records from page 380
[2026-08-01 14:42:34] [INFO] [price_scraper]   -> 10 new rows inserted (total 3781)
[2026-08-01 14:42:36] [INFO] [price_scraper] Scraping page 381 (Attempt 1/3) …
[2026-08-01 14:42:43] [INFO] [price_scraper]   -> 10 records from page 381
[2026-08-01 14:42:43] [INFO] [price_scraper]   -> 10 new rows inserted (total 3791)
[2026-08-01 14:42:45] [INFO] [price_scraper] Scraping page 382 (Attempt 1/3) …
[2026-08-01 14:42:51] [INFO] [price_scraper]   -> 10 records from page 382
[2026-08-01 14:42:51] [INFO] [price_scraper]   -> 10 new rows inserted (total 3801)
[2026-08-01 14:42:53] [INFO] [price_scraper] Scraping page 383 (Attempt 1/3) …
[2026-08-01 14:43:00] [INFO] [price_scraper]   -> 10 records from page 383
[2026-08-01 14:43:00] [INFO] [price_scraper]   -> 10 new rows inserted (total 3811)
[2026-08-01 14:43:02] [INFO] [price_scraper] Scraping page 384 (Attempt 1/3) …
[2026-08-01 14:43:08] [INFO] [price_scraper]   -> 10 records from page 384
[2026-08-01 14:43:08] [INFO] [price_scraper]   -> 10 new rows inserted (total 3821)
[2026-08-01 14:43:10] [INFO] [price_scraper] Scraping page 385 (Attempt 1/3) …
[2026-08-01 14:43:16] [INFO] [price_scraper]   -> 10 records from page 385
[2026-08-01 14:43:16] [INFO] [price_scraper]   -> 10 new rows inserted (total 3831)
[2026-08-01 14:43:18] [INFO] [price_scraper] Scraping page 386 (Attempt 1/3) …
[2026-08-01 14:43:24] [INFO] [price_scraper]   -> 10 records from page 386
[2026-08-01 14:43:24] [INFO] [price_scraper]   -> 10 new rows inserted (total 3841)
[2026-08-01 14:43:26] [INFO] [price_scraper] Scraping page 387 (Attempt 1/3) …
[2026-08-01 14:43:33] [INFO] [price_scraper]   -> 10 records from page 387
[2026-08-01 14:43:33] [INFO] [price_scraper]   -> 10 new rows inserted (total 3851)
[2026-08-01 14:43:35] [INFO] [price_scraper] Scraping page 388 (Attempt 1/3) …
[2026-08-01 14:43:42] [INFO] [price_scraper]   -> 10 records from page 388
[2026-08-01 14:43:42] [INFO] [price_scraper]   -> 10 new rows inserted (total 3861)
[2026-08-01 14:43:44] [INFO] [price_scraper] Scraping page 389 (Attempt 1/3) …
[2026-08-01 14:43:51] [INFO] [price_scraper]   -> 10 records from page 389
[2026-08-01 14:43:51] [INFO] [price_scraper]   -> 10 new rows inserted (total 3871)
[2026-08-01 14:43:53] [INFO] [price_scraper] Scraping page 390 (Attempt 1/3) …
[2026-08-01 14:43:59] [INFO] [price_scraper]   -> 10 records from page 390
[2026-08-01 14:43:59] [INFO] [price_scraper]   -> 10 new rows inserted (total 3881)
[2026-08-01 14:44:01] [INFO] [price_scraper] Scraping page 391 (Attempt 1/3) …
[2026-08-01 14:44:08] [INFO] [price_scraper]   -> 10 records from page 391
[2026-08-01 14:44:08] [INFO] [price_scraper]   -> 10 new rows inserted (total 3891)
[2026-08-01 14:44:10] [INFO] [price_scraper] Scraping page 392 (Attempt 1/3) …
[2026-08-01 14:44:16] [INFO] [price_scraper]   -> 10 records from page 392
[2026-08-01 14:44:16] [INFO] [price_scraper]   -> 10 new rows inserted (total 3901)
[2026-08-01 14:44:18] [INFO] [price_scraper] Scraping page 393 (Attempt 1/3) …
[2026-08-01 14:44:25] [INFO] [price_scraper]   -> 10 records from page 393
[2026-08-01 14:44:25] [INFO] [price_scraper]   -> 10 new rows inserted (total 3911)
[2026-08-01 14:44:27] [INFO] [price_scraper] Scraping page 394 (Attempt 1/3) …
[2026-08-01 14:44:33] [INFO] [price_scraper]   -> 10 records from page 394
[2026-08-01 14:44:33] [INFO] [price_scraper]   -> 10 new rows inserted (total 3921)
[2026-08-01 14:44:35] [INFO] [price_scraper] Scraping page 395 (Attempt 1/3) …
[2026-08-01 14:44:43] [INFO] [price_scraper]   -> 10 records from page 395
[2026-08-01 14:44:43] [INFO] [price_scraper]   -> 10 new rows inserted (total 3931)
[2026-08-01 14:44:45] [INFO] [price_scraper] Scraping page 396 (Attempt 1/3) …
[2026-08-01 14:44:54] [INFO] [price_scraper]   -> 10 records from page 396
[2026-08-01 14:44:54] [INFO] [price_scraper]   -> 10 new rows inserted (total 3941)
[2026-08-01 14:44:56] [INFO] [price_scraper] Scraping page 397 (Attempt 1/3) …
[2026-08-01 14:45:05] [INFO] [price_scraper]   -> 10 records from page 397
[2026-08-01 14:45:05] [INFO] [price_scraper]   -> 10 new rows inserted (total 3951)
[2026-08-01 14:45:07] [INFO] [price_scraper] Scraping page 398 (Attempt 1/3) …
[2026-08-01 14:45:14] [INFO] [price_scraper]   -> 10 records from page 398
[2026-08-01 14:45:14] [INFO] [price_scraper]   -> 10 new rows inserted (total 3961)
[2026-08-01 14:45:16] [INFO] [price_scraper] Scraping page 399 (Attempt 1/3) …
[2026-08-01 14:45:22] [INFO] [price_scraper]   -> 10 records from page 399
[2026-08-01 14:45:22] [INFO] [price_scraper]   -> 10 new rows inserted (total 3971)
[2026-08-01 14:45:24] [INFO] [price_scraper] Scraping page 400 (Attempt 1/3) …
[2026-08-01 14:45:33] [INFO] [price_scraper]   -> 10 records from page 400
[2026-08-01 14:45:33] [INFO] [price_scraper]   -> 10 new rows inserted (total 3981)
[2026-08-01 14:45:35] [INFO] [price_scraper] Scraping page 401 (Attempt 1/3) …
[2026-08-01 14:45:46] [INFO] [price_scraper]   -> 10 records from page 401
[2026-08-01 14:45:46] [INFO] [price_scraper]   -> 10 new rows inserted (total 3991)
[2026-08-01 14:45:48] [INFO] [price_scraper] Scraping page 402 (Attempt 1/3) …
[2026-08-01 14:45:56] [INFO] [price_scraper]   -> 10 records from page 402
[2026-08-01 14:45:56] [INFO] [price_scraper]   -> 10 new rows inserted (total 4001)
[2026-08-01 14:45:58] [INFO] [price_scraper] Scraping page 403 (Attempt 1/3) …
[2026-08-01 14:46:05] [INFO] [price_scraper]   -> 10 records from page 403
[2026-08-01 14:46:05] [INFO] [price_scraper]   -> 10 new rows inserted (total 4011)
[2026-08-01 14:46:07] [INFO] [price_scraper] Scraping page 404 (Attempt 1/3) …
[2026-08-01 14:46:13] [INFO] [price_scraper]   -> 10 records from page 404
[2026-08-01 14:46:13] [INFO] [price_scraper]   -> 10 new rows inserted (total 4021)
[2026-08-01 14:46:15] [INFO] [price_scraper] Scraping page 405 (Attempt 1/3) …
[2026-08-01 14:46:22] [INFO] [price_scraper]   -> 10 records from page 405
[2026-08-01 14:46:22] [INFO] [price_scraper]   -> 10 new rows inserted (total 4031)
[2026-08-01 14:46:24] [INFO] [price_scraper] Scraping page 406 (Attempt 1/3) …
[2026-08-01 14:46:31] [INFO] [price_scraper]   -> 10 records from page 406
[2026-08-01 14:46:31] [INFO] [price_scraper]   -> 10 new rows inserted (total 4041)
[2026-08-01 14:46:33] [INFO] [price_scraper] Scraping page 407 (Attempt 1/3) …
[2026-08-01 14:46:39] [INFO] [price_scraper]   -> 10 records from page 407
[2026-08-01 14:46:39] [INFO] [price_scraper]   -> 10 new rows inserted (total 4051)
[2026-08-01 14:46:41] [INFO] [price_scraper] Scraping page 408 (Attempt 1/3) …
[2026-08-01 14:46:48] [INFO] [price_scraper]   -> 10 records from page 408
[2026-08-01 14:46:48] [INFO] [price_scraper]   -> 10 new rows inserted (total 4061)
[2026-08-01 14:46:50] [INFO] [price_scraper] Scraping page 409 (Attempt 1/3) …
[2026-08-01 14:46:57] [INFO] [price_scraper]   -> 10 records from page 409
[2026-08-01 14:46:57] [INFO] [price_scraper]   -> 10 new rows inserted (total 4071)
[2026-08-01 14:46:59] [INFO] [price_scraper] Scraping page 410 (Attempt 1/3) …
[2026-08-01 14:47:05] [INFO] [price_scraper]   -> 10 records from page 410
[2026-08-01 14:47:05] [INFO] [price_scraper]   -> 10 new rows inserted (total 4081)
[2026-08-01 14:47:07] [INFO] [price_scraper] Scraping page 411 (Attempt 1/3) …
[2026-08-01 14:47:13] [INFO] [price_scraper]   -> 10 records from page 411
[2026-08-01 14:47:13] [INFO] [price_scraper]   -> 10 new rows inserted (total 4091)
[2026-08-01 14:47:15] [INFO] [price_scraper] Scraping page 412 (Attempt 1/3) …
[2026-08-01 14:47:21] [INFO] [price_scraper]   -> 10 records from page 412
[2026-08-01 14:47:21] [INFO] [price_scraper]   -> 10 new rows inserted (total 4101)
[2026-08-01 14:47:23] [INFO] [price_scraper] Scraping page 413 (Attempt 1/3) …
[2026-08-01 14:47:28] [INFO] [price_scraper]   -> 10 records from page 413
[2026-08-01 14:47:28] [INFO] [price_scraper]   -> 10 new rows inserted (total 4111)
[2026-08-01 14:47:30] [INFO] [price_scraper] Scraping page 414 (Attempt 1/3) …
[2026-08-01 14:47:36] [INFO] [price_scraper]   -> 10 records from page 414
[2026-08-01 14:47:36] [INFO] [price_scraper]   -> 10 new rows inserted (total 4121)
[2026-08-01 14:47:38] [INFO] [price_scraper] Scraping page 415 (Attempt 1/3) …
[2026-08-01 14:47:43] [INFO] [price_scraper]   -> 10 records from page 415
[2026-08-01 14:47:43] [INFO] [price_scraper]   -> 10 new rows inserted (total 4131)
[2026-08-01 14:47:45] [INFO] [price_scraper] Scraping page 416 (Attempt 1/3) …
[2026-08-01 14:47:51] [INFO] [price_scraper]   -> 10 records from page 416
[2026-08-01 14:47:51] [INFO] [price_scraper]   -> 10 new rows inserted (total 4141)
[2026-08-01 14:47:53] [INFO] [price_scraper] Scraping page 417 (Attempt 1/3) …
[2026-08-01 14:47:59] [INFO] [price_scraper]   -> 10 records from page 417
[2026-08-01 14:47:59] [INFO] [price_scraper]   -> 10 new rows inserted (total 4151)
[2026-08-01 14:48:01] [INFO] [price_scraper] Scraping page 418 (Attempt 1/3) …
[2026-08-01 14:48:05] [INFO] [price_scraper]   -> 10 records from page 418
[2026-08-01 14:48:05] [INFO] [price_scraper]   -> 10 new rows inserted (total 4161)
[2026-08-01 14:48:07] [INFO] [price_scraper] Scraping page 419 (Attempt 1/3) …
[2026-08-01 14:48:13] [INFO] [price_scraper]   -> 10 records from page 419
[2026-08-01 14:48:13] [INFO] [price_scraper]   -> 10 new rows inserted (total 4171)
[2026-08-01 14:48:15] [INFO] [price_scraper] Scraping page 420 (Attempt 1/3) …
[2026-08-01 14:48:20] [INFO] [price_scraper]   -> 10 records from page 420
[2026-08-01 14:48:20] [INFO] [price_scraper]   -> 10 new rows inserted (total 4181)
[2026-08-01 14:48:22] [INFO] [price_scraper] Scraping page 421 (Attempt 1/3) …
[2026-08-01 14:48:28] [INFO] [price_scraper]   -> 10 records from page 421
[2026-08-01 14:48:28] [INFO] [price_scraper]   -> 10 new rows inserted (total 4191)
[2026-08-01 14:48:30] [INFO] [price_scraper] Scraping page 422 (Attempt 1/3) …
[2026-08-01 14:48:35] [INFO] [price_scraper]   -> 10 records from page 422
[2026-08-01 14:48:35] [INFO] [price_scraper]   -> 10 new rows inserted (total 4201)
[2026-08-01 14:48:37] [INFO] [price_scraper] Scraping page 423 (Attempt 1/3) …
[2026-08-01 14:48:42] [INFO] [price_scraper]   -> 10 records from page 423
[2026-08-01 14:48:42] [INFO] [price_scraper]   -> 10 new rows inserted (total 4211)
[2026-08-01 14:48:44] [INFO] [price_scraper] Scraping page 424 (Attempt 1/3) …
[2026-08-01 14:48:50] [INFO] [price_scraper]   -> 10 records from page 424
[2026-08-01 14:48:50] [INFO] [price_scraper]   -> 10 new rows inserted (total 4221)
[2026-08-01 14:48:52] [INFO] [price_scraper] Scraping page 425 (Attempt 1/3) …
[2026-08-01 14:48:58] [INFO] [price_scraper]   -> 10 records from page 425
[2026-08-01 14:48:58] [INFO] [price_scraper]   -> 10 new rows inserted (total 4231)
[2026-08-01 14:49:00] [INFO] [price_scraper] Scraping page 426 (Attempt 1/3) …
[2026-08-01 14:49:06] [INFO] [price_scraper]   -> 10 records from page 426
[2026-08-01 14:49:06] [INFO] [price_scraper]   -> 10 new rows inserted (total 4241)
[2026-08-01 14:49:08] [INFO] [price_scraper] Scraping page 427 (Attempt 1/3) …
[2026-08-01 14:49:13] [INFO] [price_scraper]   -> 10 records from page 427
[2026-08-01 14:49:14] [INFO] [price_scraper]   -> 10 new rows inserted (total 4251)
[2026-08-01 14:49:16] [INFO] [price_scraper] Scraping page 428 (Attempt 1/3) …
[2026-08-01 14:49:21] [INFO] [price_scraper]   -> 10 records from page 428
[2026-08-01 14:49:21] [INFO] [price_scraper]   -> 10 new rows inserted (total 4261)
[2026-08-01 14:49:23] [INFO] [price_scraper] Scraping page 429 (Attempt 1/3) …
[2026-08-01 14:49:29] [INFO] [price_scraper]   -> 10 records from page 429
[2026-08-01 14:49:29] [INFO] [price_scraper]   -> 10 new rows inserted (total 4271)
[2026-08-01 14:49:31] [INFO] [price_scraper] Scraping page 430 (Attempt 1/3) …
[2026-08-01 14:49:37] [INFO] [price_scraper]   -> 10 records from page 430
[2026-08-01 14:49:37] [INFO] [price_scraper]   -> 10 new rows inserted (total 4281)
[2026-08-01 14:49:39] [INFO] [price_scraper] Scraping page 431 (Attempt 1/3) …
[2026-08-01 14:49:45] [INFO] [price_scraper]   -> 10 records from page 431
[2026-08-01 14:49:45] [INFO] [price_scraper]   -> 10 new rows inserted (total 4291)
[2026-08-01 14:49:47] [INFO] [price_scraper] Scraping page 432 (Attempt 1/3) …
[2026-08-01 14:49:51] [INFO] [price_scraper]   -> 10 records from page 432
[2026-08-01 14:49:51] [INFO] [price_scraper]   -> 10 new rows inserted (total 4301)
[2026-08-01 14:49:53] [INFO] [price_scraper] Scraping page 433 (Attempt 1/3) …
[2026-08-01 14:49:59] [INFO] [price_scraper]   -> 10 records from page 433
[2026-08-01 14:49:59] [INFO] [price_scraper]   -> 10 new rows inserted (total 4311)
[2026-08-01 14:50:01] [INFO] [price_scraper] Scraping page 434 (Attempt 1/3) …
[2026-08-01 14:50:06] [INFO] [price_scraper]   -> 10 records from page 434
[2026-08-01 14:50:06] [INFO] [price_scraper]   -> 10 new rows inserted (total 4321)
[2026-08-01 14:50:08] [INFO] [price_scraper] Scraping page 435 (Attempt 1/3) …
[2026-08-01 14:50:14] [INFO] [price_scraper]   -> 10 records from page 435
[2026-08-01 14:50:14] [INFO] [price_scraper]   -> 10 new rows inserted (total 4331)
[2026-08-01 14:50:16] [INFO] [price_scraper] Scraping page 436 (Attempt 1/3) …
[2026-08-01 14:50:21] [INFO] [price_scraper]   -> 10 records from page 436
[2026-08-01 14:50:21] [INFO] [price_scraper]   -> 10 new rows inserted (total 4341)
[2026-08-01 14:50:23] [INFO] [price_scraper] Scraping page 437 (Attempt 1/3) …
[2026-08-01 14:50:29] [INFO] [price_scraper]   -> 10 records from page 437
[2026-08-01 14:50:29] [INFO] [price_scraper]   -> 10 new rows inserted (total 4351)
[2026-08-01 14:50:31] [INFO] [price_scraper] Scraping page 438 (Attempt 1/3) …
[2026-08-01 14:50:37] [INFO] [price_scraper]   -> 10 records from page 438
[2026-08-01 14:50:37] [INFO] [price_scraper]   -> 10 new rows inserted (total 4361)
[2026-08-01 14:50:39] [INFO] [price_scraper] Scraping page 439 (Attempt 1/3) …
[2026-08-01 14:50:45] [INFO] [price_scraper]   -> 10 records from page 439
[2026-08-01 14:50:45] [INFO] [price_scraper]   -> 10 new rows inserted (total 4371)
[2026-08-01 14:50:47] [INFO] [price_scraper] Scraping page 440 (Attempt 1/3) …
[2026-08-01 14:50:52] [INFO] [price_scraper]   -> 10 records from page 440
[2026-08-01 14:50:52] [INFO] [price_scraper]   -> 10 new rows inserted (total 4381)
[2026-08-01 14:50:54] [INFO] [price_scraper] Scraping page 441 (Attempt 1/3) …
[2026-08-01 14:51:00] [INFO] [price_scraper]   -> 10 records from page 441
[2026-08-01 14:51:00] [INFO] [price_scraper]   -> 10 new rows inserted (total 4391)
[2026-08-01 14:51:02] [INFO] [price_scraper] Scraping page 442 (Attempt 1/3) …
[2026-08-01 14:51:07] [INFO] [price_scraper]   -> 10 records from page 442
[2026-08-01 14:51:07] [INFO] [price_scraper]   -> 10 new rows inserted (total 4401)
[2026-08-01 14:51:09] [INFO] [price_scraper] Scraping page 443 (Attempt 1/3) …
[2026-08-01 14:51:15] [INFO] [price_scraper]   -> 10 records from page 443
[2026-08-01 14:51:15] [INFO] [price_scraper]   -> 10 new rows inserted (total 4411)
[2026-08-01 14:51:17] [INFO] [price_scraper] Scraping page 444 (Attempt 1/3) …
[2026-08-01 14:51:22] [INFO] [price_scraper]   -> 10 records from page 444
[2026-08-01 14:51:22] [INFO] [price_scraper]   -> 10 new rows inserted (total 4421)
[2026-08-01 14:51:24] [INFO] [price_scraper] Scraping page 445 (Attempt 1/3) …
[2026-08-01 14:51:30] [INFO] [price_scraper]   -> 10 records from page 445
[2026-08-01 14:51:30] [INFO] [price_scraper]   -> 10 new rows inserted (total 4431)
[2026-08-01 14:51:32] [INFO] [price_scraper] Scraping page 446 (Attempt 1/3) …
[2026-08-01 14:51:41] [INFO] [price_scraper]   -> 10 records from page 446
[2026-08-01 14:51:41] [INFO] [price_scraper]   -> 10 new rows inserted (total 4441)
[2026-08-01 14:51:43] [INFO] [price_scraper] Scraping page 447 (Attempt 1/3) …
[2026-08-01 14:51:50] [INFO] [price_scraper]   -> 10 records from page 447
[2026-08-01 14:51:50] [INFO] [price_scraper]   -> 10 new rows inserted (total 4451)
[2026-08-01 14:51:52] [INFO] [price_scraper] Scraping page 448 (Attempt 1/3) …
[2026-08-01 14:51:59] [INFO] [price_scraper]   -> 10 records from page 448
[2026-08-01 14:51:59] [INFO] [price_scraper]   -> 10 new rows inserted (total 4461)
[2026-08-01 14:52:01] [INFO] [price_scraper] Scraping page 449 (Attempt 1/3) …
[2026-08-01 14:52:08] [INFO] [price_scraper]   -> 10 records from page 449
[2026-08-01 14:52:08] [INFO] [price_scraper]   -> 10 new rows inserted (total 4471)
[2026-08-01 14:52:10] [INFO] [price_scraper] Scraping page 450 (Attempt 1/3) …
[2026-08-01 14:52:17] [INFO] [price_scraper]   -> 10 records from page 450
[2026-08-01 14:52:17] [INFO] [price_scraper]   -> 10 new rows inserted (total 4481)
[2026-08-01 14:52:19] [INFO] [price_scraper] Scraping page 451 (Attempt 1/3) …
[2026-08-01 14:52:25] [INFO] [price_scraper]   -> 10 records from page 451
[2026-08-01 14:52:25] [INFO] [price_scraper]   -> 10 new rows inserted (total 4491)
[2026-08-01 14:52:27] [INFO] [price_scraper] Scraping page 452 (Attempt 1/3) …
[2026-08-01 14:52:34] [INFO] [price_scraper]   -> 10 records from page 452
[2026-08-01 14:52:34] [INFO] [price_scraper]   -> 10 new rows inserted (total 4501)
[2026-08-01 14:52:36] [INFO] [price_scraper] Scraping page 453 (Attempt 1/3) …
[2026-08-01 14:52:43] [INFO] [price_scraper]   -> 10 records from page 453
[2026-08-01 14:52:43] [INFO] [price_scraper]   -> 10 new rows inserted (total 4511)
[2026-08-01 14:52:45] [INFO] [price_scraper] Scraping page 454 (Attempt 1/3) …
[2026-08-01 14:52:51] [INFO] [price_scraper]   -> 10 records from page 454
[2026-08-01 14:52:51] [INFO] [price_scraper]   -> 10 new rows inserted (total 4521)
[2026-08-01 14:52:53] [INFO] [price_scraper] Scraping page 455 (Attempt 1/3) …
[2026-08-01 14:53:00] [INFO] [price_scraper]   -> 10 records from page 455
[2026-08-01 14:53:00] [INFO] [price_scraper]   -> 10 new rows inserted (total 4531)
[2026-08-01 14:53:02] [INFO] [price_scraper] Scraping page 456 (Attempt 1/3) …
[2026-08-01 14:53:08] [INFO] [price_scraper]   -> 10 records from page 456
[2026-08-01 14:53:08] [INFO] [price_scraper]   -> 10 new rows inserted (total 4541)
[2026-08-01 14:53:10] [INFO] [price_scraper] Scraping page 457 (Attempt 1/3) …
[2026-08-01 14:53:18] [INFO] [price_scraper]   -> 10 records from page 457
[2026-08-01 14:53:18] [INFO] [price_scraper]   -> 10 new rows inserted (total 4551)
[2026-08-01 14:53:20] [INFO] [price_scraper] Scraping page 458 (Attempt 1/3) …
[2026-08-01 14:53:27] [INFO] [price_scraper]   -> 10 records from page 458
[2026-08-01 14:53:27] [INFO] [price_scraper]   -> 10 new rows inserted (total 4561)
[2026-08-01 14:53:29] [INFO] [price_scraper] Scraping page 459 (Attempt 1/3) …
[2026-08-01 14:53:34] [INFO] [price_scraper]   -> 10 records from page 459
[2026-08-01 14:53:34] [INFO] [price_scraper]   -> 10 new rows inserted (total 4571)
[2026-08-01 14:53:36] [INFO] [price_scraper] Scraping page 460 (Attempt 1/3) …
[2026-08-01 14:53:42] [INFO] [price_scraper]   -> 10 records from page 460
[2026-08-01 14:53:42] [INFO] [price_scraper]   -> 10 new rows inserted (total 4581)
[2026-08-01 14:53:44] [INFO] [price_scraper] Scraping page 461 (Attempt 1/3) …
[2026-08-01 14:53:51] [INFO] [price_scraper]   -> 10 records from page 461
[2026-08-01 14:53:51] [INFO] [price_scraper]   -> 10 new rows inserted (total 4591)
[2026-08-01 14:53:53] [INFO] [price_scraper] Scraping page 462 (Attempt 1/3) …
[2026-08-01 14:53:59] [INFO] [price_scraper]   -> 10 records from page 462
[2026-08-01 14:53:59] [INFO] [price_scraper]   -> 10 new rows inserted (total 4601)
[2026-08-01 14:54:01] [INFO] [price_scraper] Scraping page 463 (Attempt 1/3) …
[2026-08-01 14:54:08] [INFO] [price_scraper]   -> 10 records from page 463
[2026-08-01 14:54:08] [INFO] [price_scraper]   -> 10 new rows inserted (total 4611)
[2026-08-01 14:54:10] [INFO] [price_scraper] Scraping page 464 (Attempt 1/3) …
[2026-08-01 14:54:19] [INFO] [price_scraper]   -> 10 records from page 464
[2026-08-01 14:54:19] [INFO] [price_scraper]   -> 10 new rows inserted (total 4621)
[2026-08-01 14:54:21] [INFO] [price_scraper] Scraping page 465 (Attempt 1/3) …
[2026-08-01 14:54:30] [INFO] [price_scraper]   -> 10 records from page 465
[2026-08-01 14:54:30] [INFO] [price_scraper]   -> 10 new rows inserted (total 4631)
[2026-08-01 14:54:32] [INFO] [price_scraper] Scraping page 466 (Attempt 1/3) …
[2026-08-01 14:54:38] [INFO] [price_scraper]   -> 10 records from page 466
[2026-08-01 14:54:38] [INFO] [price_scraper]   -> 10 new rows inserted (total 4641)
[2026-08-01 14:54:40] [INFO] [price_scraper] Scraping page 467 (Attempt 1/3) …
[2026-08-01 14:54:47] [INFO] [price_scraper]   -> 10 records from page 467
[2026-08-01 14:54:47] [INFO] [price_scraper]   -> 10 new rows inserted (total 4651)
[2026-08-01 14:54:49] [INFO] [price_scraper] Scraping page 468 (Attempt 1/3) …
[2026-08-01 14:54:55] [INFO] [price_scraper]   -> 10 records from page 468
[2026-08-01 14:54:55] [INFO] [price_scraper]   -> 10 new rows inserted (total 4661)
[2026-08-01 14:54:57] [INFO] [price_scraper] Scraping page 469 (Attempt 1/3) …
[2026-08-01 14:55:03] [INFO] [price_scraper]   -> 10 records from page 469
[2026-08-01 14:55:03] [INFO] [price_scraper]   -> 10 new rows inserted (total 4671)
[2026-08-01 14:55:05] [INFO] [price_scraper] Scraping page 470 (Attempt 1/3) …
[2026-08-01 14:55:12] [INFO] [price_scraper]   -> 10 records from page 470
[2026-08-01 14:55:12] [INFO] [price_scraper]   -> 10 new rows inserted (total 4681)
[2026-08-01 14:55:14] [INFO] [price_scraper] Scraping page 471 (Attempt 1/3) …
[2026-08-01 14:55:20] [INFO] [price_scraper]   -> 10 records from page 471
[2026-08-01 14:55:20] [INFO] [price_scraper]   -> 10 new rows inserted (total 4691)
[2026-08-01 14:55:22] [INFO] [price_scraper] Scraping page 472 (Attempt 1/3) …
[2026-08-01 14:55:28] [INFO] [price_scraper]   -> 10 records from page 472
[2026-08-01 14:55:28] [INFO] [price_scraper]   -> 10 new rows inserted (total 4701)
[2026-08-01 14:55:30] [INFO] [price_scraper] Scraping page 473 (Attempt 1/3) …
[2026-08-01 14:55:36] [INFO] [price_scraper]   -> 10 records from page 473
[2026-08-01 14:55:36] [INFO] [price_scraper]   -> 10 new rows inserted (total 4711)
[2026-08-01 14:55:38] [INFO] [price_scraper] Scraping page 474 (Attempt 1/3) …
[2026-08-01 14:55:45] [INFO] [price_scraper]   -> 10 records from page 474
[2026-08-01 14:55:45] [INFO] [price_scraper]   -> 10 new rows inserted (total 4721)
[2026-08-01 14:55:47] [INFO] [price_scraper] Scraping page 475 (Attempt 1/3) …
[2026-08-01 14:55:53] [INFO] [price_scraper]   -> 10 records from page 475
[2026-08-01 14:55:53] [INFO] [price_scraper]   -> 10 new rows inserted (total 4731)
[2026-08-01 14:55:55] [INFO] [price_scraper] Scraping page 476 (Attempt 1/3) …
[2026-08-01 14:56:00] [INFO] [price_scraper]   -> 10 records from page 476
[2026-08-01 14:56:00] [INFO] [price_scraper]   -> 10 new rows inserted (total 4741)
[2026-08-01 14:56:02] [INFO] [price_scraper] Scraping page 477 (Attempt 1/3) …
[2026-08-01 14:56:07] [INFO] [price_scraper]   -> 10 records from page 477
[2026-08-01 14:56:07] [INFO] [price_scraper]   -> 10 new rows inserted (total 4751)
[2026-08-01 14:56:09] [INFO] [price_scraper] Scraping page 478 (Attempt 1/3) …
[2026-08-01 14:56:16] [INFO] [price_scraper]   -> 10 records from page 478
[2026-08-01 14:56:16] [INFO] [price_scraper]   -> 10 new rows inserted (total 4761)
[2026-08-01 14:56:18] [INFO] [price_scraper] Scraping page 479 (Attempt 1/3) …
[2026-08-01 14:56:23] [INFO] [price_scraper]   -> 10 records from page 479
[2026-08-01 14:56:23] [INFO] [price_scraper]   -> 10 new rows inserted (total 4771)
[2026-08-01 14:56:25] [INFO] [price_scraper] Scraping page 480 (Attempt 1/3) …
[2026-08-01 14:56:31] [INFO] [price_scraper]   -> 10 records from page 480
[2026-08-01 14:56:31] [INFO] [price_scraper]   -> 10 new rows inserted (total 4781)
[2026-08-01 14:56:33] [INFO] [price_scraper] Scraping page 481 (Attempt 1/3) …
[2026-08-01 14:56:38] [INFO] [price_scraper]   -> 10 records from page 481
[2026-08-01 14:56:38] [INFO] [price_scraper]   -> 10 new rows inserted (total 4791)
[2026-08-01 14:56:40] [INFO] [price_scraper] Scraping page 482 (Attempt 1/3) …
[2026-08-01 14:56:45] [INFO] [price_scraper]   -> 10 records from page 482
[2026-08-01 14:56:45] [INFO] [price_scraper]   -> 10 new rows inserted (total 4801)
[2026-08-01 14:56:47] [INFO] [price_scraper] Scraping page 483 (Attempt 1/3) …
[2026-08-01 14:56:53] [INFO] [price_scraper]   -> 10 records from page 483
[2026-08-01 14:56:53] [INFO] [price_scraper]   -> 10 new rows inserted (total 4811)
[2026-08-01 14:56:55] [INFO] [price_scraper] Scraping page 484 (Attempt 1/3) …
[2026-08-01 14:57:00] [INFO] [price_scraper]   -> 10 records from page 484
[2026-08-01 14:57:00] [INFO] [price_scraper]   -> 10 new rows inserted (total 4821)
[2026-08-01 14:57:02] [INFO] [price_scraper] Scraping page 485 (Attempt 1/3) …
[2026-08-01 14:57:08] [INFO] [price_scraper]   -> 10 records from page 485
[2026-08-01 14:57:08] [INFO] [price_scraper]   -> 10 new rows inserted (total 4831)
[2026-08-01 14:57:10] [INFO] [price_scraper] Scraping page 486 (Attempt 1/3) …
[2026-08-01 14:57:15] [INFO] [price_scraper]   -> 10 records from page 486
[2026-08-01 14:57:15] [INFO] [price_scraper]   -> 10 new rows inserted (total 4841)
[2026-08-01 14:57:17] [INFO] [price_scraper] Scraping page 487 (Attempt 1/3) …
[2026-08-01 14:57:23] [INFO] [price_scraper]   -> 10 records from page 487
[2026-08-01 14:57:23] [INFO] [price_scraper]   -> 10 new rows inserted (total 4851)
[2026-08-01 14:57:25] [INFO] [price_scraper] Scraping page 488 (Attempt 1/3) …
[2026-08-01 14:57:30] [INFO] [price_scraper]   -> 10 records from page 488
[2026-08-01 14:57:30] [INFO] [price_scraper]   -> 10 new rows inserted (total 4861)
[2026-08-01 14:57:32] [INFO] [price_scraper] Scraping page 489 (Attempt 1/3) …
[2026-08-01 14:57:37] [INFO] [price_scraper]   -> 10 records from page 489
[2026-08-01 14:57:37] [INFO] [price_scraper]   -> 10 new rows inserted (total 4871)
[2026-08-01 14:57:39] [INFO] [price_scraper] Scraping page 490 (Attempt 1/3) …
[2026-08-01 14:57:45] [INFO] [price_scraper]   -> 10 records from page 490
[2026-08-01 14:57:45] [INFO] [price_scraper]   -> 10 new rows inserted (total 4881)
[2026-08-01 14:57:47] [INFO] [price_scraper] Scraping page 491 (Attempt 1/3) …
[2026-08-01 14:57:52] [INFO] [price_scraper]   -> 10 records from page 491
[2026-08-01 14:57:52] [INFO] [price_scraper]   -> 10 new rows inserted (total 4891)
[2026-08-01 14:57:54] [INFO] [price_scraper] Scraping page 492 (Attempt 1/3) …
[2026-08-01 14:58:00] [INFO] [price_scraper]   -> 10 records from page 492
[2026-08-01 14:58:00] [INFO] [price_scraper]   -> 10 new rows inserted (total 4901)
[2026-08-01 14:58:02] [INFO] [price_scraper] Scraping page 493 (Attempt 1/3) …
[2026-08-01 14:58:07] [INFO] [price_scraper]   -> 10 records from page 493
[2026-08-01 14:58:07] [INFO] [price_scraper]   -> 10 new rows inserted (total 4911)
[2026-08-01 14:58:09] [INFO] [price_scraper] Scraping page 494 (Attempt 1/3) …
[2026-08-01 14:58:15] [INFO] [price_scraper]   -> 10 records from page 494
[2026-08-01 14:58:15] [INFO] [price_scraper]   -> 10 new rows inserted (total 4921)
[2026-08-01 14:58:17] [INFO] [price_scraper] Scraping page 495 (Attempt 1/3) …
[2026-08-01 14:58:22] [INFO] [price_scraper]   -> 10 records from page 495
[2026-08-01 14:58:22] [INFO] [price_scraper]   -> 10 new rows inserted (total 4931)
[2026-08-01 14:58:24] [INFO] [price_scraper] Scraping page 496 (Attempt 1/3) …
[2026-08-01 14:58:31] [INFO] [price_scraper]   -> 10 records from page 496
[2026-08-01 14:58:31] [INFO] [price_scraper]   -> 10 new rows inserted (total 4941)
[2026-08-01 14:58:33] [INFO] [price_scraper] Scraping page 497 (Attempt 1/3) …
[2026-08-01 14:58:39] [INFO] [price_scraper]   -> 10 records from page 497
[2026-08-01 14:58:39] [INFO] [price_scraper]   -> 10 new rows inserted (total 4951)
[2026-08-01 14:58:41] [INFO] [price_scraper] Scraping page 498 (Attempt 1/3) …
[2026-08-01 14:58:51] [INFO] [price_scraper]   -> 10 records from page 498
[2026-08-01 14:58:51] [INFO] [price_scraper]   -> 10 new rows inserted (total 4961)
[2026-08-01 14:58:53] [INFO] [price_scraper] Scraping page 499 (Attempt 1/3) …
[2026-08-01 14:59:00] [INFO] [price_scraper]   -> 10 records from page 499
[2026-08-01 14:59:00] [INFO] [price_scraper]   -> 10 new rows inserted (total 4971)
[2026-08-01 14:59:02] [INFO] [price_scraper] Scraping page 500 (Attempt 1/3) …
[2026-08-01 14:59:08] [INFO] [price_scraper]   -> 10 records from page 500
[2026-08-01 14:59:08] [INFO] [price_scraper]   -> 10 new rows inserted (total 4981)
[2026-08-01 14:59:10] [INFO] [price_scraper] Scraping page 501 (Attempt 1/3) …
[2026-08-01 14:59:16] [INFO] [price_scraper]   -> 10 records from page 501
[2026-08-01 14:59:16] [INFO] [price_scraper]   -> 10 new rows inserted (total 4991)
[2026-08-01 14:59:18] [INFO] [price_scraper] Scraping page 502 (Attempt 1/3) …
[2026-08-01 14:59:24] [INFO] [price_scraper]   -> 10 records from page 502
[2026-08-01 14:59:24] [INFO] [price_scraper]   -> 10 new rows inserted (total 5001)
[2026-08-01 14:59:26] [INFO] [price_scraper] Scraping page 503 (Attempt 1/3) …
[2026-08-01 14:59:32] [INFO] [price_scraper]   -> 10 records from page 503
[2026-08-01 14:59:32] [INFO] [price_scraper]   -> 10 new rows inserted (total 5011)
[2026-08-01 14:59:34] [INFO] [price_scraper] Scraping page 504 (Attempt 1/3) …
[2026-08-01 14:59:43] [INFO] [price_scraper]   -> 10 records from page 504
[2026-08-01 14:59:43] [INFO] [price_scraper]   -> 10 new rows inserted (total 5021)
[2026-08-01 14:59:45] [INFO] [price_scraper] Scraping page 505 (Attempt 1/3) …
[2026-08-01 14:59:51] [INFO] [price_scraper]   -> 10 records from page 505
[2026-08-01 14:59:51] [INFO] [price_scraper]   -> 10 new rows inserted (total 5031)
[2026-08-01 14:59:53] [INFO] [price_scraper] Scraping page 506 (Attempt 1/3) …
[2026-08-01 14:59:59] [INFO] [price_scraper]   -> 10 records from page 506
[2026-08-01 14:59:59] [INFO] [price_scraper]   -> 10 new rows inserted (total 5041)
[2026-08-01 15:00:01] [INFO] [price_scraper] Scraping page 507 (Attempt 1/3) …
[2026-08-01 15:00:07] [INFO] [price_scraper]   -> 10 records from page 507
[2026-08-01 15:00:07] [INFO] [price_scraper]   -> 10 new rows inserted (total 5051)
[2026-08-01 15:00:09] [INFO] [price_scraper] Scraping page 508 (Attempt 1/3) …
[2026-08-01 15:00:18] [INFO] [price_scraper]   -> 10 records from page 508
[2026-08-01 15:00:18] [INFO] [price_scraper]   -> 10 new rows inserted (total 5061)
[2026-08-01 15:00:20] [INFO] [price_scraper] Scraping page 509 (Attempt 1/3) …
[2026-08-01 15:00:27] [INFO] [price_scraper]   -> 10 records from page 509
[2026-08-01 15:00:27] [INFO] [price_scraper]   -> 10 new rows inserted (total 5071)
[2026-08-01 15:00:29] [INFO] [price_scraper] Scraping page 510 (Attempt 1/3) …
[2026-08-01 15:00:35] [INFO] [price_scraper]   -> 10 records from page 510
[2026-08-01 15:00:35] [INFO] [price_scraper]   -> 10 new rows inserted (total 5081)
[2026-08-01 15:00:37] [INFO] [price_scraper] Scraping page 511 (Attempt 1/3) …
[2026-08-01 15:00:44] [INFO] [price_scraper]   -> 10 records from page 511
[2026-08-01 15:00:44] [INFO] [price_scraper]   -> 10 new rows inserted (total 5091)
[2026-08-01 15:00:46] [INFO] [price_scraper] Scraping page 512 (Attempt 1/3) …
[2026-08-01 15:00:52] [INFO] [price_scraper]   -> 10 records from page 512
[2026-08-01 15:00:52] [INFO] [price_scraper]   -> 10 new rows inserted (total 5101)
[2026-08-01 15:00:54] [INFO] [price_scraper] Scraping page 513 (Attempt 1/3) …
[2026-08-01 15:01:01] [INFO] [price_scraper]   -> 10 records from page 513
[2026-08-01 15:01:01] [INFO] [price_scraper]   -> 10 new rows inserted (total 5111)
[2026-08-01 15:01:03] [INFO] [price_scraper] Scraping page 514 (Attempt 1/3) …
[2026-08-01 15:01:10] [INFO] [price_scraper]   -> 10 records from page 514
[2026-08-01 15:01:10] [INFO] [price_scraper]   -> 10 new rows inserted (total 5121)
[2026-08-01 15:01:12] [INFO] [price_scraper] Scraping page 515 (Attempt 1/3) …
[2026-08-01 15:01:19] [INFO] [price_scraper]   -> 10 records from page 515
[2026-08-01 15:01:19] [INFO] [price_scraper]   -> 10 new rows inserted (total 5131)
[2026-08-01 15:01:21] [INFO] [price_scraper] Scraping page 516 (Attempt 1/3) …
[2026-08-01 15:01:28] [INFO] [price_scraper]   -> 10 records from page 516
[2026-08-01 15:01:28] [INFO] [price_scraper]   -> 10 new rows inserted (total 5141)
[2026-08-01 15:01:30] [INFO] [price_scraper] Scraping page 517 (Attempt 1/3) …
[2026-08-01 15:01:39] [INFO] [price_scraper]   -> 10 records from page 517
[2026-08-01 15:01:39] [INFO] [price_scraper]   -> 10 new rows inserted (total 5151)
[2026-08-01 15:01:41] [INFO] [price_scraper] Scraping page 518 (Attempt 1/3) …
[2026-08-01 15:01:48] [INFO] [price_scraper]   -> 10 records from page 518
[2026-08-01 15:01:48] [INFO] [price_scraper]   -> 10 new rows inserted (total 5161)
[2026-08-01 15:01:50] [INFO] [price_scraper] Scraping page 519 (Attempt 1/3) …
[2026-08-01 15:01:59] [INFO] [price_scraper]   -> 10 records from page 519
[2026-08-01 15:01:59] [INFO] [price_scraper]   -> 10 new rows inserted (total 5171)
[2026-08-01 15:02:01] [INFO] [price_scraper] Scraping page 520 (Attempt 1/3) …
[2026-08-01 15:02:08] [INFO] [price_scraper]   -> 10 records from page 520
[2026-08-01 15:02:08] [INFO] [price_scraper]   -> 10 new rows inserted (total 5181)
[2026-08-01 15:02:10] [INFO] [price_scraper] Scraping page 521 (Attempt 1/3) …
[2026-08-01 15:02:16] [INFO] [price_scraper]   -> 10 records from page 521
[2026-08-01 15:02:16] [INFO] [price_scraper]   -> 10 new rows inserted (total 5191)
[2026-08-01 15:02:18] [INFO] [price_scraper] Scraping page 522 (Attempt 1/3) …
[2026-08-01 15:02:25] [INFO] [price_scraper]   -> 10 records from page 522
[2026-08-01 15:02:25] [INFO] [price_scraper]   -> 10 new rows inserted (total 5201)
[2026-08-01 15:02:27] [INFO] [price_scraper] Scraping page 523 (Attempt 1/3) …
[2026-08-01 15:02:34] [INFO] [price_scraper]   -> 10 records from page 523
[2026-08-01 15:02:34] [INFO] [price_scraper]   -> 10 new rows inserted (total 5211)
[2026-08-01 15:02:36] [INFO] [price_scraper] Scraping page 524 (Attempt 1/3) …
[2026-08-01 15:02:43] [INFO] [price_scraper]   -> 10 records from page 524
[2026-08-01 15:02:43] [INFO] [price_scraper]   -> 10 new rows inserted (total 5221)
[2026-08-01 15:02:45] [INFO] [price_scraper] Scraping page 525 (Attempt 1/3) …
[2026-08-01 15:02:57] [INFO] [price_scraper]   -> 10 records from page 525
[2026-08-01 15:02:57] [INFO] [price_scraper]   -> 10 new rows inserted (total 5231)
[2026-08-01 15:02:59] [INFO] [price_scraper] Scraping page 526 (Attempt 1/3) …
[2026-08-01 15:03:05] [INFO] [price_scraper]   -> 10 records from page 526
[2026-08-01 15:03:05] [INFO] [price_scraper]   -> 10 new rows inserted (total 5241)
[2026-08-01 15:03:07] [INFO] [price_scraper] Scraping page 527 (Attempt 1/3) …
[2026-08-01 15:03:12] [INFO] [price_scraper]   -> 10 records from page 527
[2026-08-01 15:03:12] [INFO] [price_scraper]   -> 10 new rows inserted (total 5251)
[2026-08-01 15:03:14] [INFO] [price_scraper] Scraping page 528 (Attempt 1/3) …
[2026-08-01 15:03:21] [INFO] [price_scraper]   -> 10 records from page 528
[2026-08-01 15:03:21] [INFO] [price_scraper]   -> 10 new rows inserted (total 5261)
[2026-08-01 15:03:23] [INFO] [price_scraper] Scraping page 529 (Attempt 1/3) …
[2026-08-01 15:03:29] [INFO] [price_scraper]   -> 10 records from page 529
[2026-08-01 15:03:29] [INFO] [price_scraper]   -> 10 new rows inserted (total 5271)
[2026-08-01 15:03:31] [INFO] [price_scraper] Scraping page 530 (Attempt 1/3) …
[2026-08-01 15:03:37] [INFO] [price_scraper]   -> 10 records from page 530
[2026-08-01 15:03:37] [INFO] [price_scraper]   -> 10 new rows inserted (total 5281)
[2026-08-01 15:03:39] [INFO] [price_scraper] Scraping page 531 (Attempt 1/3) …
[2026-08-01 15:03:45] [INFO] [price_scraper]   -> 10 records from page 531
[2026-08-01 15:03:45] [INFO] [price_scraper]   -> 10 new rows inserted (total 5291)
[2026-08-01 15:03:47] [INFO] [price_scraper] Scraping page 532 (Attempt 1/3) …
[2026-08-01 15:03:54] [INFO] [price_scraper]   -> 10 records from page 532
[2026-08-01 15:03:54] [INFO] [price_scraper]   -> 10 new rows inserted (total 5301)
[2026-08-01 15:03:56] [INFO] [price_scraper] Scraping page 533 (Attempt 1/3) …
[2026-08-01 15:04:02] [INFO] [price_scraper]   -> 10 records from page 533
[2026-08-01 15:04:02] [INFO] [price_scraper]   -> 10 new rows inserted (total 5311)
[2026-08-01 15:04:04] [INFO] [price_scraper] Scraping page 534 (Attempt 1/3) …
[2026-08-01 15:04:09] [INFO] [price_scraper]   -> 10 records from page 534
[2026-08-01 15:04:09] [INFO] [price_scraper]   -> 10 new rows inserted (total 5321)
[2026-08-01 15:04:11] [INFO] [price_scraper] Scraping page 535 (Attempt 1/3) …
[2026-08-01 15:04:16] [INFO] [price_scraper]   -> 10 records from page 535
[2026-08-01 15:04:16] [INFO] [price_scraper]   -> 10 new rows inserted (total 5331)
[2026-08-01 15:04:18] [INFO] [price_scraper] Scraping page 536 (Attempt 1/3) …
[2026-08-01 15:04:29] [INFO] [price_scraper]   -> 10 records from page 536
[2026-08-01 15:04:29] [INFO] [price_scraper]   -> 10 new rows inserted (total 5341)
[2026-08-01 15:04:31] [INFO] [price_scraper] Scraping page 537 (Attempt 1/3) …
[2026-08-01 15:04:38] [INFO] [price_scraper]   -> 10 records from page 537
[2026-08-01 15:04:38] [INFO] [price_scraper]   -> 10 new rows inserted (total 5351)
[2026-08-01 15:04:40] [INFO] [price_scraper] Scraping page 538 (Attempt 1/3) …
[2026-08-01 15:04:47] [INFO] [price_scraper]   -> 10 records from page 538
[2026-08-01 15:04:47] [INFO] [price_scraper]   -> 10 new rows inserted (total 5361)
[2026-08-01 15:04:49] [INFO] [price_scraper] Scraping page 539 (Attempt 1/3) …
[2026-08-01 15:04:55] [INFO] [price_scraper]   -> 10 records from page 539
[2026-08-01 15:04:55] [INFO] [price_scraper]   -> 10 new rows inserted (total 5371)
[2026-08-01 15:04:57] [INFO] [price_scraper] Scraping page 540 (Attempt 1/3) …
[2026-08-01 15:05:05] [INFO] [price_scraper]   -> 10 records from page 540
[2026-08-01 15:05:05] [INFO] [price_scraper]   -> 10 new rows inserted (total 5381)
[2026-08-01 15:05:07] [INFO] [price_scraper] Scraping page 541 (Attempt 1/3) …
[2026-08-01 15:05:12] [INFO] [price_scraper]   -> 10 records from page 541
[2026-08-01 15:05:12] [INFO] [price_scraper]   -> 10 new rows inserted (total 5391)
[2026-08-01 15:05:15] [INFO] [price_scraper] Scraping page 542 (Attempt 1/3) …
[2026-08-01 15:05:23] [INFO] [price_scraper]   -> 10 records from page 542
[2026-08-01 15:05:23] [INFO] [price_scraper]   -> 10 new rows inserted (total 5401)
[2026-08-01 15:05:25] [INFO] [price_scraper] Scraping page 543 (Attempt 1/3) …
[2026-08-01 15:05:33] [INFO] [price_scraper]   -> 10 records from page 543
[2026-08-01 15:05:33] [INFO] [price_scraper]   -> 10 new rows inserted (total 5411)
[2026-08-01 15:05:35] [INFO] [price_scraper] Scraping page 544 (Attempt 1/3) …
[2026-08-01 15:05:41] [INFO] [price_scraper]   -> 10 records from page 544
[2026-08-01 15:05:41] [INFO] [price_scraper]   -> 10 new rows inserted (total 5421)
[2026-08-01 15:05:43] [INFO] [price_scraper] Scraping page 545 (Attempt 1/3) …
[2026-08-01 15:05:50] [INFO] [price_scraper]   -> 10 records from page 545
[2026-08-01 15:05:50] [INFO] [price_scraper]   -> 10 new rows inserted (total 5431)
[2026-08-01 15:05:52] [INFO] [price_scraper] Scraping page 546 (Attempt 1/3) …
[2026-08-01 15:06:00] [INFO] [price_scraper]   -> 10 records from page 546
[2026-08-01 15:06:00] [INFO] [price_scraper]   -> 9 new rows inserted (total 5440)
[2026-08-01 15:06:02] [INFO] [price_scraper] Scraping page 547 (Attempt 1/3) …
[2026-08-01 15:06:10] [INFO] [price_scraper]   -> 10 records from page 547
[2026-08-01 15:06:10] [INFO] [price_scraper]   -> 10 new rows inserted (total 5450)
[2026-08-01 15:06:12] [INFO] [price_scraper] Scraping page 548 (Attempt 1/3) …
[2026-08-01 15:06:21] [INFO] [price_scraper]   -> 10 records from page 548
[2026-08-01 15:06:21] [INFO] [price_scraper]   -> 10 new rows inserted (total 5460)
[2026-08-01 15:06:23] [INFO] [price_scraper] Scraping page 549 (Attempt 1/3) …
[2026-08-01 15:06:29] [INFO] [price_scraper]   -> 10 records from page 549
[2026-08-01 15:06:29] [INFO] [price_scraper]   -> 9 new rows inserted (total 5469)
[2026-08-01 15:06:31] [INFO] [price_scraper] Scraping page 550 (Attempt 1/3) …
[2026-08-01 15:06:38] [INFO] [price_scraper]   -> 10 records from page 550
[2026-08-01 15:06:38] [INFO] [price_scraper]   -> 10 new rows inserted (total 5479)
[2026-08-01 15:06:40] [INFO] [price_scraper] Scraping page 551 (Attempt 1/3) …
[2026-08-01 15:06:46] [INFO] [price_scraper]   -> 10 records from page 551
[2026-08-01 15:06:46] [INFO] [price_scraper]   -> 9 new rows inserted (total 5488)
[2026-08-01 15:06:48] [INFO] [price_scraper] Scraping page 552 (Attempt 1/3) …
[2026-08-01 15:06:55] [INFO] [price_scraper]   -> 10 records from page 552
[2026-08-01 15:06:55] [INFO] [price_scraper]   -> 10 new rows inserted (total 5498)
[2026-08-01 15:06:57] [INFO] [price_scraper] Scraping page 553 (Attempt 1/3) …
[2026-08-01 15:07:03] [INFO] [price_scraper]   -> 10 records from page 553
[2026-08-01 15:07:03] [INFO] [price_scraper]   -> 10 new rows inserted (total 5508)
[2026-08-01 15:07:05] [INFO] [price_scraper] Scraping page 554 (Attempt 1/3) …
[2026-08-01 15:07:10] [INFO] [price_scraper]   -> 10 records from page 554
[2026-08-01 15:07:10] [INFO] [price_scraper]   -> 10 new rows inserted (total 5518)
[2026-08-01 15:07:12] [INFO] [price_scraper] Scraping page 555 (Attempt 1/3) …
[2026-08-01 15:07:19] [INFO] [price_scraper]   -> 10 records from page 555
[2026-08-01 15:07:19] [INFO] [price_scraper]   -> 10 new rows inserted (total 5528)
[2026-08-01 15:07:21] [INFO] [price_scraper] Scraping page 556 (Attempt 1/3) …
[2026-08-01 15:07:27] [INFO] [price_scraper]   -> 10 records from page 556
[2026-08-01 15:07:27] [INFO] [price_scraper]   -> 10 new rows inserted (total 5538)
[2026-08-01 15:07:29] [INFO] [price_scraper] Scraping page 557 (Attempt 1/3) …
[2026-08-01 15:07:36] [INFO] [price_scraper]   -> 10 records from page 557
[2026-08-01 15:07:36] [INFO] [price_scraper]   -> 10 new rows inserted (total 5548)
[2026-08-01 15:07:38] [INFO] [price_scraper] Scraping page 558 (Attempt 1/3) …
[2026-08-01 15:07:45] [INFO] [price_scraper]   -> 10 records from page 558
[2026-08-01 15:07:45] [INFO] [price_scraper]   -> 10 new rows inserted (total 5558)
[2026-08-01 15:07:47] [INFO] [price_scraper] Scraping page 559 (Attempt 1/3) …
[2026-08-01 15:07:54] [INFO] [price_scraper]   -> 10 records from page 559
[2026-08-01 15:07:54] [INFO] [price_scraper]   -> 10 new rows inserted (total 5568)
[2026-08-01 15:07:56] [INFO] [price_scraper] Scraping page 560 (Attempt 1/3) …
[2026-08-01 15:08:02] [INFO] [price_scraper]   -> 10 records from page 560
[2026-08-01 15:08:02] [INFO] [price_scraper]   -> 10 new rows inserted (total 5578)
[2026-08-01 15:08:04] [INFO] [price_scraper] Scraping page 561 (Attempt 1/3) …
[2026-08-01 15:08:11] [INFO] [price_scraper]   -> 10 records from page 561
[2026-08-01 15:08:11] [INFO] [price_scraper]   -> 10 new rows inserted (total 5588)
[2026-08-01 15:08:13] [INFO] [price_scraper] Scraping page 562 (Attempt 1/3) …
[2026-08-01 15:08:19] [INFO] [price_scraper]   -> 10 records from page 562
[2026-08-01 15:08:19] [INFO] [price_scraper]   -> 10 new rows inserted (total 5598)
[2026-08-01 15:08:21] [INFO] [price_scraper] Scraping page 563 (Attempt 1/3) …
[2026-08-01 15:08:27] [INFO] [price_scraper]   -> 10 records from page 563
[2026-08-01 15:08:27] [INFO] [price_scraper]   -> 10 new rows inserted (total 5608)
[2026-08-01 15:08:29] [INFO] [price_scraper] Scraping page 564 (Attempt 1/3) …
[2026-08-01 15:08:35] [INFO] [price_scraper]   -> 10 records from page 564
[2026-08-01 15:08:35] [INFO] [price_scraper]   -> 8 new rows inserted (total 5616)
[2026-08-01 15:08:37] [INFO] [price_scraper] Scraping page 565 (Attempt 1/3) …
[2026-08-01 15:08:43] [INFO] [price_scraper]   -> 10 records from page 565
[2026-08-01 15:08:43] [INFO] [price_scraper]   -> 10 new rows inserted (total 5626)
[2026-08-01 15:08:45] [INFO] [price_scraper] Scraping page 566 (Attempt 1/3) …
[2026-08-01 15:08:51] [INFO] [price_scraper]   -> 10 records from page 566
[2026-08-01 15:08:51] [INFO] [price_scraper]   -> 10 new rows inserted (total 5636)
[2026-08-01 15:08:53] [INFO] [price_scraper] Scraping page 567 (Attempt 1/3) …
[2026-08-01 15:09:01] [INFO] [price_scraper]   -> 10 records from page 567
[2026-08-01 15:09:01] [INFO] [price_scraper]   -> 10 new rows inserted (total 5646)
[2026-08-01 15:09:03] [INFO] [price_scraper] Scraping page 568 (Attempt 1/3) …
[2026-08-01 15:09:11] [INFO] [price_scraper]   -> 10 records from page 568
[2026-08-01 15:09:11] [INFO] [price_scraper]   -> 10 new rows inserted (total 5656)
[2026-08-01 15:09:13] [INFO] [price_scraper] Scraping page 569 (Attempt 1/3) …
[2026-08-01 15:09:20] [INFO] [price_scraper]   -> 10 records from page 569
[2026-08-01 15:09:20] [INFO] [price_scraper]   -> 10 new rows inserted (total 5666)
[2026-08-01 15:09:22] [INFO] [price_scraper] Scraping page 570 (Attempt 1/3) …
[2026-08-01 15:09:28] [INFO] [price_scraper]   -> 10 records from page 570
[2026-08-01 15:09:28] [INFO] [price_scraper]   -> 10 new rows inserted (total 5676)
[2026-08-01 15:09:30] [INFO] [price_scraper] Scraping page 571 (Attempt 1/3) …
[2026-08-01 15:09:36] [INFO] [price_scraper]   -> 10 records from page 571
[2026-08-01 15:09:36] [INFO] [price_scraper]   -> 10 new rows inserted (total 5686)
[2026-08-01 15:09:38] [INFO] [price_scraper] Scraping page 572 (Attempt 1/3) …
[2026-08-01 15:09:46] [INFO] [price_scraper]   -> 10 records from page 572
[2026-08-01 15:09:46] [INFO] [price_scraper]   -> 10 new rows inserted (total 5696)
[2026-08-01 15:09:48] [INFO] [price_scraper] Scraping page 573 (Attempt 1/3) …
[2026-08-01 15:09:55] [INFO] [price_scraper]   -> 2 records from page 573
[2026-08-01 15:09:55] [INFO] [price_scraper]   -> 2 new rows inserted (total 5698)
[2026-08-01 15:09:57] [INFO] [price_scraper] Finding page for DB latest date: 2026-07-25
[2026-08-01 15:09:57] [INFO] [price_scraper] Scraping page 287 (Attempt 1/3) …
[2026-08-01 15:10:04] [INFO] [price_scraper]   -> 10 records from page 287
[2026-08-01 15:10:04] [INFO] [price_scraper] Scraping page 143 (Attempt 1/3) …
[2026-08-01 15:10:10] [INFO] [price_scraper]   -> 10 records from page 143
[2026-08-01 15:10:10] [INFO] [price_scraper] Scraping page 71 (Attempt 1/3) …
[2026-08-01 15:10:17] [INFO] [price_scraper]   -> 10 records from page 71
[2026-08-01 15:10:17] [INFO] [price_scraper] Scraping page 35 (Attempt 1/3) …
[2026-08-01 15:10:26] [INFO] [price_scraper]   -> 10 records from page 35
[2026-08-01 15:10:26] [INFO] [price_scraper] Scraping page 17 (Attempt 1/3) …
[2026-08-01 15:10:33] [INFO] [price_scraper]   -> 10 records from page 17
[2026-08-01 15:10:33] [INFO] [price_scraper] Scraping page 8 (Attempt 1/3) …
[2026-08-01 15:10:39] [INFO] [price_scraper]   -> 10 records from page 8
[2026-08-01 15:10:39] [INFO] [price_scraper] Scraping page 4 (Attempt 1/3) …
[2026-08-01 15:10:46] [INFO] [price_scraper]   -> 10 records from page 4
[2026-08-01 15:10:46] [INFO] [price_scraper] Scraping page 2 (Attempt 1/3) …
[2026-08-01 15:10:52] [INFO] [price_scraper]   -> 10 records from page 2
[2026-08-01 15:10:52] [INFO] [price_scraper] DB latest date found around page 2. Scraping from 2 down to 1
[2026-08-01 15:10:52] [INFO] [price_scraper] Scraping page 2 (Attempt 1/3) …
[2026-08-01 15:10:58] [INFO] [price_scraper]   -> 10 records from page 2
[2026-08-01 15:10:58] [INFO] [price_scraper]   -> 1 new rows inserted (total 5699)
[2026-08-01 15:11:00] [INFO] [price_scraper] Scraping page 1 (Attempt 1/3) …
[2026-08-01 15:11:06] [INFO] [price_scraper]   -> 10 records from page 1
[2026-08-01 15:11:06] [INFO] [price_scraper]   -> 10 new rows inserted (total 5709)
[2026-08-01 15:11:08] [INFO] [price_scraper] Smart update complete.
